Word,Score
youtu.be/ilery4m9kqc,1186.8555263010849
18.5bn,1183.8073073808987
1.4,1174.6063082073454
1.2,1174.4411960943014
1.5,1174.0904171863117
2.3,1170.3232128666461
2.5bn,1169.3166912456154
3.8m,1168.8839856048814
2.0,1158.5113526972539
.,1147.3552352409026
"1,977",1027.9643532411576
"37,400",950.5625040880793
"47,800",948.4675341132739
"750,000",938.2347528976538
"31,923",933.1196515676572
"32,623",929.334375378905
"92,600",914.3473633442691
"32,600",906.3663977531616
"14,500",900.6735561297788
"34,500",896.5555729021232
"36,000",895.2102802968103
"1,100",894.47683140907
"31,000",890.3588481814144
"13,000",890.3588481814144
"21,000",889.7031054683737
"150,000",889.3523265603836
"33,000",886.2408649537588
"34,000",885.7502343537618
"35,000",885.2343433327283
"3,500",885.2343433327283
"9,000",882.4099703754744
"4,000",873.9383741843696
"2,000",873.7732620713261
"20,000",873.7732620713261
"5,000",873.4224831633363
"50,000",873.4224831633363
"8,000",872.3340348095612
"80,000",872.3340348095612
",",862.6171446149749
:,163.93907184591237
anti-gov’t,159.11995806824723
al-ghoul’s,159.11995806824723
al-sudani’s,159.11995806824723
1’s,158.97076002210628
?,158.36640134923843
“,152.1375274164517
”,151.1796628676591
‘,149.7016510678077
mcdonald’s,143.04091662505863
doesn’t,143.04091662505863
council’s,143.04091662505863
enclave’s,143.04091662505863
rapporteur’s,143.04091662505863
expert’s,143.04091662505863
we’re,143.04091662505863
town’s,143.04091662505863
coalition’s,143.04091662505863
mariniello’s,143.04091662505863
charity’s,143.04091662505863
military’s,143.04091662505863
hasn’t,143.04091662505863
university’s,143.04091662505863
aren’t,143.04091662505863
’,143.04091662505863
it’s,143.04091662505863
congress’s,143.04091662505863
greece’s,143.04091662505863
cyprus’s,143.04091662505863
turkey’s,143.04091662505863
saturday’s,143.04091662505863
wfp’s,143.04091662505863
court’s,143.04091662505863
bank’s,143.04091662505863
berlin’s,143.04091662505863
programme’s,143.04091662505863
won’t,143.04091662505863
is­rael’s,143.04091662505863
palestine’s,143.04091662505863
hamas’s,143.04091662505863
city’s,143.04091662505863
ambassador’s,143.04091662505863
wisconsin’s,143.04091662505863
gov’t,143.04091662505863
syria’s,143.04091662505863
reagan’s,143.04091662505863
elite’s,143.04091662505863
wasn’t,143.04091662505863
we’ll,143.04091662505863
states’s,143.04091662505863
gantz’s,143.04091662505863
colombia’s,143.04091662505863
country’s,143.04091662505863
lee’s,143.04091662505863
israel’s,143.04091662505863
islam’s,143.04091662505863
un’s,143.04091662505863
cabinet’s,143.04091662505863
jerusalem’s,143.04091662505863
spokesman’s,143.04091662505863
doctor’s,143.04091662505863
rafah’s,143.04091662505863
tehran’s,143.04091662505863
he’s,143.04091662505863
unrwa’s,143.04091662505863
britain’s,143.04091662505863
egypt’s,143.04091662505863
territory’s,143.04091662505863
uk’s,143.04091662505863
jordan’s,143.04091662505863
patrick’s,143.04091662505863
people’s,143.04091662505863
columbia’s,143.04091662505863
paris’s,143.04091662505863
york’s,143.04091662505863
leader’s,143.04091662505863
rio’s,143.04091662505863
strip’s,143.04091662505863
iran’s,143.04091662505863
homaid’s,143.04091662505863
don’t,143.04091662505863
us’s,143.04091662505863
that’s,143.04091662505863
canada’s,143.04091662505863
union’s,143.04091662505863
hodeidah’s,143.04091662505863
couldn’t,143.04091662505863
icc’s,143.04091662505863
today’s,143.04091662505863
slovenia’s,143.04091662505863
opposition’s,143.04091662505863
movement’s,143.04091662505863
they’ve,143.04091662505863
lebanon’s,143.04091662505863
harris’s,143.04091662505863
physician’s,143.04091662505863
i’ve,143.04091662505863
o’hare,143.04091662505863
didn’t,143.04091662505863
world’s,143.04091662505863
they’re,143.04091662505863
hezbollah’s,143.04091662505863
who’d,143.04091662505863
washington’s,143.04091662505863
dc’s,143.04091662505863
africa’s,143.04091662505863
mustafa’s,143.04091662505863
government’s,143.04091662505863
tunisia’s,143.04091662505863
i’m,143.04091662505863
prosecutor’s,143.04091662505863
party’s,143.04091662505863
here’s,143.04091662505863
younis’s,143.04091662505863
china’s,143.04091662505863
children’s,143.04091662505863
group’s,143.04091662505863
november’s,143.04091662505863
boston’s,143.04091662505863
qatar’s,143.04091662505863
georgia’s,143.04091662505863
germany’s,143.04091662505863
enemy’s,143.04091662505863
darwish’s,143.04091662505863
doha’s,143.04091662505863
biden’s,143.04091662505863
nations’s,143.04091662505863
women’s,143.04091662505863
spain’s,143.04091662505863
australia’s,143.04091662505863
broadcaster’s,143.04091662505863
staff’s,143.04091662505863
what’s,143.04091662505863
weren’t,143.04091662505863
jazeera’s,143.04091662505863
authority’s,143.04091662505863
they’d,143.04091662505863
yemen’s,143.04091662505863
iraq’s,143.04091662505863
haniyeh’s,143.04091662505863
department’s,143.04091662505863
mother’s,143.04091662505863
alaa’s,143.04091662505863
tuesday’s,143.04091662505863
state’s,143.04091662505863
netanyahu’s,143.04091662505863
smotrich’s,143.04091662505863
nicaragua’s,143.04091662505863
haven’t,143.04091662505863
gaza’s,143.04091662505863
o’connell,143.04091662505863
army’s,143.04091662505863
president’s,143.04091662505863
–,140.34214147610714
1967,121.316214404309
),115.14368993577342
(,115.14368993577342
2371,103.71009075710904
176,101.52338864380926
167,101.52338864380926
267,96.74966270311302
171,96.67195652841322
173,92.55397330075763
174,92.06334270076059
2017,91.89823058771697
172,91.89823058771697
157,91.54745167972709
175,91.54745167972709
274,87.28961676006435
76th,85.59354524676161
76,85.59354524676161
71,80.74211313136557
170,80.74211313136557
17,80.74211313136557
27,75.96838719066933
270,75.96838719066933
post-1948,72.83983036471787
1995,66.32083346640866
1986,66.22083486457788
70,64.8122697343179
7,64.8122697343179
700,64.8122697343179
g7,64.8122697343179
11-year-old,64.01776968047271
es-10/23,63.36309819626742
13-year-old,59.899786452817104
12-year-old,59.24404373977646
15-year-old,58.89326483178657
1945,57.84923727530396
1948,56.7607889215292
1982,56.5956768084856
169,56.50394466999112
32-year-old,55.12606051212085
23-year-old,55.12606051212085
146,48.03234847888642
164,48.03234847888642
500-600,47.66565550399392
193,47.53452932693948
194th,47.043898726942444
1940s,47.043898726942444
$,46.86657157124117
159,46.528007705908934
186,46.42800910407816
168,46.42800910407816
30-year-old,43.96994305576943
mid-2010s,43.16500229658779
12-hour,43.16500229658779
226,43.09351042514658
f-15,42.81422338859788
392,42.76080338624323
181,41.57657698868211
96th,40.574101272943444
43-day,39.21213118197578
143,39.06293313583478
f-35,38.69624016094227
144,38.572302535837736
124,38.407190422794145
40-50bn,38.205609560945234
154,38.05641151480424
2015,37.891299401760634
155,37.54052049377073
183,37.45859376102651
184,36.96796316102947
160,36.71111890949139
16,36.71111890949139
mq-9,35.8718672036884
19,35.7226691575474
190,35.7226691575474
2023,34.12409508209494
blockout2024,33.6334644820979
2024,33.6334644820979
2022,33.4683523690543
225,33.117573461064396
36,32.59313568183578
360,32.59313568183578
status-quo-allergic,32.15808288637736
shop-turned-grocer,32.15808288637736
five-a-side,32.15808288637736
round-the-clock,32.15808288637736
behind-the-scenes,32.15808288637736
tit-for-tat,32.15808288637736
commander-in-chief,32.15808288637736
282,32.02912510728963
2006,31.93739296879515
26,31.93739296879515
101,31.859686794095353
11,31.859686794095353
hanoi's,31.217211347206778
there's,31.217211347206778
vietnam's,31.217211347206778
',31.217211347206778
490,31.11405532989476
94bn,31.11405532989476
29,30.948943216851156
3-phase,27.890901612580752
130,27.741703566439746
310,27.741703566439746
31,27.741703566439746
13,27.741703566439746
40-day,27.400271012583712
14,27.251072966442706
21,27.08596085339911
210,27.08596085339911
12,27.08596085339911
120mm,27.08596085339911
15,26.735181945409202
15bn,26.735181945409202
180,25.64673359163444
18,25.64673359163444
18bn,25.64673359163444
33,23.623720338784143
43,23.133089738787103
23,22.967977625743504
2030s,22.967977625743504
32,22.967977625743504
350,22.6171987177536
2004,22.477347025746464
24,22.477347025746464
22,22.312234912702866
54,22.12656811775656
45,22.12656811775656
502,21.96145600471296
25,21.96145600471296
83,21.528750363978837
28,20.8730076509382
280,20.8730076509382
6,20.781275512443717
60,20.781275512443717
—,19.836255692551333
90,19.792825760499724
9,19.792825760499724
!,19.07093228214917
;,17.53716303704556
es-sersek,16.07904144318868
newly-developed,16.07904144318868
al-baawi,16.07904144318868
al-murajaat,16.07904144318868
greek-operated,16.07904144318868
el-balah,16.07904144318868
pro-israeli,16.07904144318868
anti-palestinian,16.07904144318868
anti-muslim,16.07904144318868
anti-gaza,16.07904144318868
far-right,16.07904144318868
israel-gaza,16.07904144318868
al-jaafrawi,16.07904144318868
states-drafted,16.07904144318868
al-kabash,16.07904144318868
biden-backed,16.07904144318868
de-escalate,16.07904144318868
first-hand,16.07904144318868
wreath-laying,16.07904144318868
us-built,16.07904144318868
war-displaced,16.07904144318868
long-threatened,16.07904144318868
eight-month,16.07904144318868
al-qeeq,16.07904144318868
short-lived,16.07904144318868
nations-backed,16.07904144318868
iran-aligned,16.07904144318868
gaza-bound,16.07904144318868
iran-allied,16.07904144318868
two-week,16.07904144318868
houthi-claimed,16.07904144318868
al-aqsa,16.07904144318868
palestine-israel,16.07904144318868
first-ever,16.07904144318868
un-run,16.07904144318868
israel-palestine,16.07904144318868
non-member,16.07904144318868
un-world,16.07904144318868
pro-israel,16.07904144318868
al-mawasi,16.07904144318868
so-called,16.07904144318868
long-awaited,16.07904144318868
re-evaluating,16.07904144318868
arabia-iran,16.07904144318868
al-fitr,16.07904144318868
ultra-orthodox,16.07904144318868
all-male,16.07904144318868
cash-strapped,16.07904144318868
fast-expanding,16.07904144318868
war-ravaged,16.07904144318868
al-adha,16.07904144318868
us-proposed,16.07904144318868
pro-palestine,16.07904144318868
german-israeli,16.07904144318868
houthi-sunk,16.07904144318868
eco-disaster,16.07904144318868
belize-flagged,16.07904144318868
british-owned,16.07904144318868
decades-old,16.07904144318868
al-balah,16.07904144318868
al-zin,16.07904144318868
hours-long,16.07904144318868
two-state,16.07904144318868
gaza-born,16.07904144318868
states-based,16.07904144318868
anti-tank,16.07904144318868
us-south,16.07904144318868
al-habbariyeh,16.07904144318868
gaza-focused,16.07904144318868
re-establishes,16.07904144318868
hamas-led,16.07904144318868
six-month,16.07904144318868
secretary-general,16.07904144318868
five-day,16.07904144318868
ill-treatment,16.07904144318868
anti-war,16.07904144318868
ever-warming,16.07904144318868
full-scale,16.07904144318868
heavy-calibre,16.07904144318868
al-rouh,16.07904144318868
anti-government,16.07904144318868
al-hayya,16.07904144318868
az-zawayda,16.07904144318868
famine-like,16.07904144318868
de-exceptionalising,16.07904144318868
food-aid,16.07904144318868
strip-searched,16.07904144318868
state-funded,16.07904144318868
life-saving,16.07904144318868
on-campus,16.07904144318868
houthi-run,16.07904144318868
israel-iran,16.07904144318868
us-born,16.07904144318868
al-mughayyir,16.07904144318868
abu-sittah,16.07904144318868
states-backed,16.07904144318868
goldberg-polin,16.07904144318868
three-minute,16.07904144318868
israeli-american,16.07904144318868
two-thirds,16.07904144318868
non-functional,16.07904144318868
as-sultan,16.07904144318868
el-sisi,16.07904144318868
gender-based,16.07904144318868
york-based,16.07904144318868
sit-in,16.07904144318868
ex-detainees,16.07904144318868
al-muhtaseb,16.07904144318868
non-violent,16.07904144318868
day-after,16.07904144318868
al-shifa,16.07904144318868
cross-border,16.07904144318868
us-sponsored,16.07904144318868
israeli-occupied,16.07904144318868
long-telegraphed,16.07904144318868
barbados-flagged,16.07904144318868
re-emerge,16.07904144318868
i-unit,16.07904144318868
qatar-brokered,16.07904144318868
university-wide,16.07904144318868
pro-palestinian,16.07904144318868
ungar-sargon,16.07904144318868
six-member,16.07904144318868
anti-zionist,16.07904144318868
post-war,16.07904144318868
palestinian-israeli,16.07904144318868
self-determination,16.07904144318868
israel-hamas,16.07904144318868
peace-focused,16.07904144318868
israeli-palestinian,16.07904144318868
now-destroyed,16.07904144318868
al-bursh,16.07904144318868
greek-owned,16.07904144318868
israeli-linked,16.07904144318868
nations-appointed,16.07904144318868
iran-israel,16.07904144318868
al-ghoul,16.07904144318868
famine-stalked,16.07904144318868
co-sponsored,16.07904144318868
long-feared,16.07904144318868
anti-semitism,16.07904144318868
aipac-backed,16.07904144318868
counter-protesters,16.07904144318868
al-quds,16.07904144318868
ai-image,16.07904144318868
ai-generated,16.07904144318868
anti-zionists,16.07904144318868
months-long,16.07904144318868
right-wing,16.07904144318868
us-led,16.07904144318868
large-scale,16.07904144318868
three-ship,16.07904144318868
best-known,16.07904144318868
much-needed,16.07904144318868
israel-bound,16.07904144318868
re-bombs,16.07904144318868
-,16.07904144318868
al-nabahin,16.07904144318868
us-style,16.07904144318868
spain-israel,16.07904144318868
left-wing,16.07904144318868
third-highest,16.07904144318868
youth-led,16.07904144318868
all-out,16.07904144318868
un-backed,16.07904144318868
anti-israeli,16.07904144318868
egyptian-qatari,16.07904144318868
israel-lebanon,16.07904144318868
seven-month,16.07904144318868
10am,15.929843397047676
1bn,15.929843397047676
1,15.929843397047676
100,15.929843397047676
10,15.929843397047676
#,15.27180257359041
30,11.811860169392071
300,11.811860169392071
3,11.811860169392071
40,11.321229569395033
400,11.321229569395033
4,11.321229569395033
20m,11.156117456351433
200th,11.156117456351433
200,11.156117456351433
20,11.156117456351433
2,11.156117456351433
5,10.80533854836153
50,10.80533854836153
500,10.80533854836153
50bn,10.80533854836153
800,9.716890194586766
8,9.716890194586766
aviv/west,8.386235730287572
us/israeli,8.386235730287572
/,8.386235730287572
…,7.544143401248141
%,7.06579846407085
|,5.947173384199342
faced,0.0
consequences,0.0
tanks,0.0
rolled,0.0
centre,0.0
announced,0.0
controls,0.0
entire,0.0
philadelphi,0.0
corridor,0.0
land,0.0
runs,0.0
along,0.0
border,0.0
governorate,0.0
hezbollah,0.0
keep,0.0
fighting,0.0
presses,0.0
nasrallah,0.0
support,0.0
final,0.0
displaces,0.0
thousands,0.0
people,0.0
head,0.0
powerful,0.0
lebanese,0.0
armed,0.0
group,0.0
residents,0.0
northern,0.0
would,0.0
able,0.0
return,0.0
home,0.0
start,0.0
school,0.0
year,0.0
pressed,0.0
cairo,0.0
substantial,0.0
answer,0.0
solution,0.0
negotiations,0.0
even,0.0
thwarts,0.0
secure,0.0
ramadan,0.0
delegation,0.0
left,0.0
egypt,0.0
agreement,0.0
reached,0.0
thwarted,0.0
mediators,0.0
attempts,0.0
broker,0.0
muslim,0.0
holy,0.0
timeline,0.0
words,0.0
al,0.0
jazeera,0.0
looks,0.0
main,0.0
statements,0.0
positions,0.0
policy,0.0
shifted,0.0
washington,0.0
dc,0.0
prompts,0.0
mounting,0.0
concerns,0.0
slowly,0.0
notched,0.0
simultaneously,0.0
continuing,0.0
arm,0.0
ally,0.0
happened,0.0
attacked,0.0
twice,0.0
since,0.0
killing,0.0
tens,0.0
horrific,0.0
circumstances,0.0
thirteen,0.0
killed,0.0
safe,0.0
civilian,0.0
women,0.0
girls,0.0
hind,0.0
khoudary,0.0
reported,0.0
tuesday,0.0
attacks,0.0
least,0.0
spokesman,0.0
three,0.0
times,0.0
clinical,0.0
capacity,0.0
dead,0.0
wounded,0.0
arrive,0.0
attack,0.0
sheltering,0.0
displaced,0.0
nuseirat,0.0
camp,0.0
mainly,0.0
according,0.0
local,0.0
silence,0.0
guns,0.0
speech,0.0
palestine,0.0
secretary,0.0
general,0.0
antonio,0.0
guterres,0.0
six,0.0
nothing,0.0
justify,0.0
collective,0.0
punishment,0.0
taking,0.0
place,0.0
discovered,0.0
monday,0.0
one,0.0
second,0.0
beit,0.0
lahiya,0.0
set,0.0
impose,0.0
sanctions,0.0
unit,0.0
abuses,0.0
report,0.0
fight,0.0
units,0.0
violations,0.0
imposed,0.0
media,0.0
outlet,0.0
planning,0.0
step,0.0
journalist,0.0
freed,0.0
arrest,0.0
watchdogs,0.0
decry,0.0
ismail,0.0
civilians,0.0
trapped,0.0
arabic,0.0
correspondent,0.0
released,0.0
arrested,0.0
hours,0.0
severely,0.0
beaten,0.0
theatrics,0.0
genocidal,0.0
impunity,0.0
rendering,0.0
draft,0.0
bosnian,0.0
genocide,0.0
position,0.0
may,0.0
submitted,0.0
assembly,0.0
unga,0.0
declare,0.0
july,0.0
remembrance,0.0
srebrenica,0.0
document,0.0
forward,0.0
rwanda,0.0
countries,0.0
debated,0.0
voted,0.0
session,0.0
defeat,0.0
remarks,0.0
widen,0.0
rift,0.0
daniel,0.0
hagari,0.0
goes,0.0
saying,0.0
identifying,0.0
impossible,0.0
task,0.0
defeating,0.0
goal,0.0
means,0.0
throwing,0.0
sand,0.0
eyes,0.0
reporting,0.0
outside,0.0
banned,0.0
murder,0.0
starvation,0.0
violence,0.0
detailed,0.0
long,0.0
offences,0.0
use,0.0
extermination,0.0
indiscriminate,0.0
siege,0.0
warfare,0.0
sexual,0.0
hit,0.0
yemen,0.0
tv,0.0
reports,0.0
target,0.0
airport,0.0
region,0.0
north,0.0
sanaa,0.0
masirah,0.0
houthis,0.0
sea,0.0
carried,0.0
targets,0.0
television,0.0
station,0.0
yemeni,0.0
shipping,0.0
lanes,0.0
girl,0.0
rescued,0.0
rubble,0.0
video,0.0
shows,0.0
rescue,0.0
debris,0.0
child,0.0
seen,0.0
asking,0.0
mother,0.0
died,0.0
witnesses,0.0
photos,0.0
prepare,0.0
eid,0.0
amid,0.0
placed,0.0
pall,0.0
celebrations,0.0
shadow,0.0
continued,0.0
looms,0.0
large,0.0
holiday,0.0
fasting,0.0
world,0.0
celebrates,0.0
health,0.0
ministry,0.0
provided,0.0
update,0.0
challenges,0.0
friday,0.0
march,0.0
symbol,0.0
coexistence,0.0
ayman,0.0
shaer,0.0
lying,0.0
ground,0.0
ancient,0.0
square,0.0
sebastia,0.0
bleeding,0.0
unbearable,0.0
pain,0.0
protests,0.0
scuffles,0.0
ucla,0.0
full,0.0
force,0.0
using,0.0
chemical,0.0
irritants,0.0
tasers,0.0
disperse,0.0
universities,0.0
join,0.0
movement,0.0
rallies,0.0
divestment,0.0
linked,0.0
spread,0.0
campuses,0.0
preparing,0.0
close,0.0
last,0.0
zone,0.0
brace,0.0
afraid,0.0
resort,0.0
food,0.0
husam,0.0
recounts,0.0
daily,0.0
battle,0.0
basic,0.0
necessities,0.0
like,0.0
water,0.0
sanitation,0.0
australia,0.0
warn,0.0
potentially,0.0
devastating,0.0
pushes,0.0
ahead,0.0
offensive,0.0
cessation,0.0
warning,0.0
planned,0.0
updates,0.0
overwhelmingly,0.0
votes,0.0
favourably,0.0
reconsider,0.0
request,0.0
become,0.0
member,0.0
live,0.0
page,0.0
closed,0.0
follow,0.0
coverage,0.0
reacts,0.0
unsc,0.0
demanding,0.0
many,0.0
around,0.0
welcomed,0.0
leaders,0.0
demands,0.0
oxfam,0.0
deliberately,0.0
blocking,0.0
aid,0.0
trucks,0.0
waiting,0.0
average,0.0
days,0.0
access,0.0
enclave,0.0
ngo,0.0
warnings,0.0
impending,0.0
famine,0.0
rise,0.0
bureaucracy,0.0
hinder,0.0
headed,0.0
claimed,0.0
remembering,0.0
amna,0.0
homaid,0.0
channel,0.0
aired,0.0
photo,0.0
claiming,0.0
terrorist,0.0
weeks,0.0
later,0.0
missile,0.0
son,0.0
torn,0.0
body,0.0
lay,0.0
house,0.0
shati,0.0
part,0.0
rescuers,0.0
tried,0.0
find,0.0
survivors,0.0
struck,0.0
building,0.0
eldest,0.0
mahdi,0.0
brother,0.0
five,0.0
injured,0.0
survived,0.0
protesters,0.0
texas,0.0
riot,0.0
filmed,0.0
arresting,0.0
person,0.0
appears,0.0
disabled,0.0
dozens,0.0
moved,0.0
clear,0.0
encampment,0.0
reportedly,0.0
pepper,0.0
spray,0.0
crowds,0.0
considers,0.0
transfer,0.0
jets,0.0
partners,0.0
fellow,0.0
democrats,0.0
congress,0.0
conditions,0.0
transfers,0.0
joe,0.0
weighing,0.0
whether,0.0
package,0.0
include,0.0
aircraft,0.0
reuters,0.0
news,0.0
agency,0.0
launch,0.0
vessels,0.0
warships,0.0
defend,0.0
new,0.0
comes,0.0
targeted,0.0
warship,0.0
houthi,0.0
coalition,0.0
defending,0.0
fallout,0.0
emergency,0.0
clinic,0.0
director,0.0
ambulance,0.0
department,0.0
hani,0.0
staff,0.0
october,0.0
shielding,0.0
action,0.0
strap,0.0
man,0.0
jeep,0.0
tie,0.0
expert,0.0
amounted,0.0
shield,0.0
west,0.0
bank,0.0
tied,0.0
hood,0.0
vehicle,0.0
raid,0.0
jenin,0.0
appearing,0.0
francesca,0.0
albanese,0.0
indications,0.0
violated,0.0
acts,0.0
listed,0.0
convention,0.0
reasonable,0.0
believe,0.0
committing,0.0
besieged,0.0
destroy,0.0
rejects,0.0
rejected,0.0
raising,0.0
fears,0.0
drag,0.0
blindsided,0.0
announcement,0.0
agreed,0.0
proposal,0.0
made,0.0
something,0.0
agree,0.0
make,0.0
matters,0.0
explicit,0.0
took,0.0
control,0.0
side,0.0
expands,0.0
bid,0.0
heavy,0.0
raids,0.0
qatari,0.0
egyptian,0.0
plan,0.0
resume,0.0
bombardment,0.0
captive,0.0
backs,0.0
membership,0.0
give,0.0
recognises,0.0
qualified,0.0
extends,0.0
privileges,0.0
backed,0.0
recognising,0.0
recommending,0.0
claims,0.0
senior,0.0
commander,0.0
marwan,0.0
issa,0.0
confirmation,0.0
ago,0.0
deputy,0.0
earlier,0.0
shot,0.0
describes,0.0
ordeal,0.0
laughing,0.0
playing,0.0
front,0.0
driven,0.0
describing,0.0
treatment,0.0
soldiers,0.0
positive,0.0
spirit,0.0
visit,0.0
soon,0.0
mark,0.0
eve,0.0
draws,0.0
spend,0.0
prayer,0.0
muslims,0.0
tense,0.0
sombre,0.0
weekend,0.0
approaches,0.0
orders,0.0
equipment,0.0
seized,0.0
ap,0.0
associated,0.0
press,0.0
welcomes,0.0
decision,0.0
raises,0.0
broadcaster,0.0
law,0.0
communications,0.0
ordered,0.0
camera,0.0
broadcasting,0.0
returned,0.0
spain,0.0
formally,0.0
state,0.0
recognised,0.0
historic,0.0
move,0.0
towards,0.0
route,0.0
achieve,0.0
peace,0.0
pedro,0.0
sanchez,0.0
joins,0.0
ireland,0.0
norway,0.0
acknowledge,0.0
statehood,0.0
seizes,0.0
hectares,0.0
finance,0.0
bezalel,0.0
despite,0.0
illegal,0.0
settlements,0.0
smotrich,0.0
declared,0.0
acres,0.0
facilitate,0.0
settlement,0.0
doctors,0.0
appeal,0.0
suffering,0.0
panel,0.0
spoke,0.0
horrors,0.0
saw,0.0
face,0.0
onslaught,0.0
blockade,0.0
healthcare,0.0
system,0.0
unviable,0.0
app,0.0
helping,0.0
boycott,0.0
brands,0.0
supporting,0.0
businesses,0.0
deemed,0.0
invitation,0.0
show,0.0
global,0.0
outrage,0.0
joint,0.0
meeting,0.0
top,0.0
lawmakers,0.0
others,0.0
incursion,0.0
refugee,0.0
intensifies,0.0
territory,0.0
risk,0.0
dying,0.0
lack,0.0
vaccines,0.0
office,0.0
cooks,0.0
maqlouba,0.0
wartime,0.0
family,0.0
began,0.0
abu,0.0
elias,0.0
showed,0.0
prepares,0.0
famous,0.0
dish,0.0
shortages,0.0
caused,0.0
setting,0.0
temporary,0.0
port,0.0
deliveries,0.0
pier,0.0
take,0.0
build,0.0
might,0.0
effective,0.0
urgent,0.0
crisis,0.0
deliver,0.0
humanitarian,0.0
starve,0.0
accused,0.0
massacre,0.0
helicopters,0.0
opened,0.0
fire,0.0
desperately,0.0
hungry,0.0
repeatedly,0.0
attacking,0.0
seekers,0.0
following,0.0
seven,0.0
kitchen,0.0
workers,0.0
wednesday,0.0
cannot,0.0
afford,0.0
becoming,0.0
another,0.0
issues,0.0
stark,0.0
reaches,0.0
brink,0.0
expressed,0.0
increasing,0.0
concern,0.0
escalating,0.0
clashes,0.0
sway,0.0
south,0.0
election,0.0
governing,0.0
anc,0.0
vocally,0.0
opposition,0.0
da,0.0
remains,0.0
neutral,0.0
affect,0.0
voters,0.0
cape,0.0
africa,0.0
allow,0.0
supporters,0.0
baby,0.0
killers,0.0
talk,0.0
furious,0.0
resident,0.0
surrey,0.0
estate,0.0
shouted,0.0
heckled,0.0
speaker,0.0
podium,0.0
babies,0.0
nappies,0.0
milk,0.0
bombing,0.0
shortage,0.0
led,0.0
prices,0.0
skyrocketing,0.0
mothers,0.0
looking,0.0
alternatives,0.0
deir,0.0
cold,0.0
night,0.0
aida,0.0
rushed,0.0
makeshift,0.0
tent,0.0
nearby,0.0
martyrs,0.0
ongoing,0.0
gave,0.0
birth,0.0
daughter,0.0
meets,0.0
iran,0.0
launches,0.0
back,0.0
tells,0.0
shared,0.0
responsibility,0.0
work,0.0
prevent,0.0
escalation,0.0
plans,0.0
send,0.0
tank,0.0
ammunition,0.0
tactical,0.0
vehicles,0.0
pause,0.0
bombs,0.0
told,0.0
rising,0.0
deaths,0.0
footballer,0.0
el,0.0
ghazi,0.0
promises,0.0
contract,0.0
terminated,0.0
football,0.0
club,0.0
mainz,0.0
social,0.0
posts,0.0
dutch,0.0
player,0.0
anwar,0.0
warns,0.0
future,0.0
generation,0.0
peril,0.0
tedros,0.0
malnutrition,0.0
urges,0.0
entry,0.0
organization,0.0
expansion,0.0
crossings,0.0
help,0.0
densely,0.0
populated,0.0
rare,0.0
threatens,0.0
invades,0.0
admitted,0.0
american,0.0
used,0.0
israelis,0.0
rally,0.0
jerusalem,0.0
thronged,0.0
broke,0.0
marched,0.0
increased,0.0
efforts,0.0
free,0.0
held,0.0
removal,0.0
slams,0.0
withholding,0.0
promised,0.0
restrictions,0.0
bomb,0.0
shipment,0.0
review,0.0
criticised,0.0
max,0.0
planck,0.0
society,0.0
unconditional,0.0
open,0.0
letter,0.0
employees,0.0
mps,0.0
stance,0.0
view,0.0
actions,0.0
diverse,0.0
research,0.0
institution,0.0
writing,0.0
express,0.0
disapproval,0.0
employer,0.0
taken,0.0
serious,0.0
change,0.0
discourse,0.0
within,0.0
whole,0.0
bring,0.0
analysts,0.0
imminent,0.0
views,0.0
vary,0.0
beirut,0.0
withdraw,0.0
majority,0.0
troops,0.0
temporarily,0.0
anticipating,0.0
intensification,0.0
sort,0.0
invade,0.0
bureij,0.0
artillery,0.0
storm,0.0
win,0.0
blinken,0.0
diplomat,0.0
strategy,0.0
govern,0.0
stablise,0.0
worse,0.0
strong,0.0
leaving,0.0
questions,0.0
governed,0.0
stablised,0.0
matthew,0.0
hollingworth,0.0
failure,0.0
collapsed,0.0
infrastructure,0.0
cost,0.0
increasingly,0.0
evident,0.0
drown,0.0
desperate,0.0
attempt,0.0
get,0.0
dropped,0.0
yusuf,0.0
ghaben,0.0
drowned,0.0
drives,0.0
risks,0.0
planes,0.0
packages,0.0
northwest,0.0
coast,0.0
father,0.0
nine,0.0
decided,0.0
swim,0.0
politics,0.0
broken,0.0
african,0.0
starmer,0.0
andrew,0.0
feinstein,0.0
activist,0.0
politician,0.0
running,0.0
labour,0.0
london,0.0
constituency,0.0
england,0.0
gears,0.0
critical,0.0
britons,0.0
deciding,0.0
party,0.0
loyalty,0.0
independent,0.0
candidates,0.0
protection,0.0
patrols,0.0
market,0.0
masked,0.0
men,0.0
committee,0.0
patrolling,0.0
lookout,0.0
black,0.0
pricing,0.0
factions,0.0
interior,0.0
role,0.0
municipal,0.0
disbanded,0.0
confirmed,0.0
antitank,0.0
china,0.0
middle,0.0
east,0.0
peacemaker,0.0
brokered,0.0
saudi,0.0
détente,0.0
expectations,0.0
arose,0.0
parlay,0.0
economic,0.0
clout,0.0
bigger,0.0
diplomatic,0.0
issue,0.0
white,0.0
iftar,0.0
unravelled,0.0
sources,0.0
tell,0.0
cancelled,0.0
meal,0.0
invitees,0.0
declined,0.0
attend,0.0
americans,0.0
familiar,0.0
moment,0.0
captures,0.0
journalists,0.0
compound,0.0
fleeing,0.0
recount,0.0
torture,0.0
lived,0.0
escape,0.0
mohammad,0.0
sukkar,0.0
safer,0.0
team,0.0
fill,0.0
tears,0.0
experience,0.0
giving,0.0
discussing,0.0
delivering,0.0
charges,0.0
complicity,0.0
supplying,0.0
light,0.0
plausible,0.0
much,0.0
debate,0.0
extent,0.0
hampering,0.0
passage,0.0
exports,0.0
underpin,0.0
flow,0.0
drones,0.0
missiles,0.0
massive,0.0
aerial,0.0
consulate,0.0
syria,0.0
unleashed,0.0
barrage,0.0
early,0.0
retaliation,0.0
suspected,0.0
damascus,0.0
yearn,0.0
stories,0.0
four,0.0
reflect,0.0
life,0.0
midst,0.0
care,0.0
families,0.0
stay,0.0
alive,0.0
talked,0.0
lives,0.0
greater,0.0
chord,0.0
barrier,0.0
fear,0.0
encampments,0.0
public,0.0
spaces,0.0
defence,0.0
montreal,0.0
canada,0.0
sitting,0.0
bench,0.0
heart,0.0
mcgill,0.0
farrah,0.0
want,0.0
listen,0.0
paves,0.0
ban,0.0
knesset,0.0
passes,0.0
paving,0.0
deals,0.0
blow,0.0
joining,0.0
case,0.0
former,0.0
represents,0.0
unbelievable,0.0
damages,0.0
estimated,0.0
initial,0.0
assessment,0.0
level,0.0
unprecedented,0.0
likely,0.0
underestimate,0.0
real,0.0
losses,0.0
needs,0.0
damage,0.0
violation,0.0
pattern,0.0
going,0.0
supposed,0.0
immune,0.0
bombed,0.0
shelled,0.0
film,0.0
context,0.0
historical,0.0
expense,0.0
population,0.0
cut,0.0
power,0.0
fuel,0.0
shielded,0.0
command,0.0
produced,0.0
little,0.0
evidence,0.0
claim,0.0
criminal,0.0
seeking,0.0
warrants,0.0
deliberate,0.0
shelter,0.0
warplanes,0.0
pound,0.0
mediation,0.0
appear,0.0
stalling,0.0
country,0.0
vote,0.0
unfreeze,0.0
unrwa,0.0
funding,0.0
restore,0.0
embattled,0.0
refugees,0.0
pledges,0.0
additional,0.0
lost,0.0
millions,0.0
dollars,0.0
allegations,0.0
involved,0.0
roadside,0.0
mortar,0.0
qassam,0.0
brigades,0.0
base,0.0
rounds,0.0
enter,0.0
fall,0.0
far,0.0
short,0.0
minimum,0.0
required,0.0
feed,0.0
entering,0.0
karem,0.0
salem,0.0
crossing,0.0
living,0.0
deteriorate,0.0
solidarity,0.0
trauma,0.0
reshaping,0.0
psychic,0.0
imaginations,0.0
beyond,0.0
every,0.0
plane,0.0
flies,0.0
overhead,0.0
hands,0.0
shake,0.0
hide,0.0
feels,0.0
windows,0.0
watch,0.0
walk,0.0
road,0.0
grandparents,0.0
anything,0.0
harass,0.0
everyone,0.0
beat,0.0
grandpa,0.0
cousin,0.0
patient,0.0
november,0.0
psychotherapy,0.0
chicago,0.0
felt,0.0
nightmares,0.0
kid,0.0
canadian,0.0
embargo,0.0
pledge,0.0
sell,0.0
apply,0.0
permits,0.0
worth,0.0
already,0.0
approved,0.0
alex,0.0
cosh,0.0
editor,0.0
upstart,0.0
maple,0.0
eu,0.0
sanction,0.0
settlers,0.0
erupted,0.0
nur,0.0
shams,0.0
tulkarem,0.0
teenager,0.0
severe,0.0
response,0.0
iranian,0.0
overnight,0.0
achieved,0.0
goals,0.0
adding,0.0
bases,0.0
threat,0.0
warned,0.0
larger,0.0
retaliate,0.0
drone,0.0
columbia,0.0
cancels,0.0
commencement,0.0
ceremony,0.0
york,0.0
dispersed,0.0
cracked,0.0
spurred,0.0
wave,0.0
similar,0.0
demonstrations,0.0
behind,0.0
urging,0.0
permanent,0.0
includes,0.0
hostages,0.0
eventual,0.0
reconstruction,0.0
understand,0.0
dad,0.0
needed,0.0
learn,0.0
anthony,0.0
shadid,0.0
intifada,0.0
went,0.0
journey,0.0
meet,0.0
saved,0.0
shoulders,0.0
begged,0.0
diaspora,0.0
jews,0.0
think,0.0
judaism,0.0
zionism,0.0
filmmaker,0.0
gillian,0.0
mosely,0.0
question,0.0
propaganda,0.0
gillan,0.0
questioning,0.0
upbringing,0.0
deepest,0.0
acre,0.0
tear,0.0
gas,0.0
gathered,0.0
forensic,0.0
analysis,0.0
false,0.0
also,0.0
finds,0.0
certain,0.0
repeated,0.0
politicians,0.0
untrue,0.0
investigative,0.0
transformed,0.0
supreme,0.0
leader,0.0
khamenei,0.0
demonstrated,0.0
comments,0.0
dampened,0.0
ayatollah,0.0
ali,0.0
praised,0.0
success,0.0
tehran,0.0
direct,0.0
turk,0.0
horrified,0.0
uncover,0.0
volker,0.0
dangerous,0.0
balancing,0.0
act,0.0
iraqi,0.0
came,0.0
neighbour,0.0
regional,0.0
airspace,0.0
projectiles,0.0
flying,0.0
caught,0.0
crossfire,0.0
opening,0.0
salvoes,0.0
dragging,0.0
mistakenly,0.0
working,0.0
grows,0.0
scientist,0.0
nathan,0.0
brown,0.0
different,0.0
admit,0.0
iraq,0.0
afghanistan,0.0
vague,0.0
overambitious,0.0
aims,0.0
phosphorous,0.0
harming,0.0
ecosystem,0.0
villages,0.0
phosphorus,0.0
munitions,0.0
lasting,0.0
driving,0.0
villagers,0.0
away,0.0
threaten,0.0
closure,0.0
casualties,0.0
steps,0.0
cutting,0.0
vital,0.0
potential,0.0
sanctuary,0.0
thorn,0.0
dream,0.0
eye,0.0
remainder,0.0
reinforcing,0.0
ostensibly,0.0
present,0.0
contradicts,0.0
moral,0.0
values,0.0
kills,0.0
numbers,0.0
stage,0.0
beautiful,0.0
staged,0.0
industry,0.0
sink,0.0
vessel,0.0
organisations,0.0
unacceptable,0.0
situation,0.0
assaults,0.0
leading,0.0
sinking,0.0
ship,0.0
irish,0.0
turn,0.0
series,0.0
st,0.0
points,0.0
loss,0.0
swing,0.0
evening,0.0
john,0.0
mulligan,0.0
citizen,0.0
stranger,0.0
asked,0.0
funeral,0.0
tribal,0.0
coordinating,0.0
distribution,0.0
kuwait,0.0
roundabout,0.0
relief,0.0
ties,0.0
breaking,0.0
point,0.0
bill,0.0
reassess,0.0
relations,0.0
painful,0.0
representatives,0.0
reassessment,0.0
relationship,0.0
tensions,0.0
heckler,0.0
resignation,0.0
memorial,0.0
event,0.0
yad,0.0
vashem,0.0
protester,0.0
shoot,0.0
unarmed,0.0
advocacy,0.0
condemns,0.0
heinous,0.0
crime,0.0
whim,0.0
buried,0.0
rubbish,0.0
bulldozer,0.0
exclusive,0.0
broadcast,0.0
footage,0.0
obtained,0.0
shown,0.0
official,0.0
affairs,0.0
resigns,0.0
miller,0.0
cited,0.0
reasons,0.0
string,0.0
departures,0.0
resigned,0.0
camps,0.0
maghazi,0.0
remaining,0.0
overflowing,0.0
patients,0.0
ramaphosa,0.0
pleased,0.0
sad,0.0
outcome,0.0
cyril,0.0
saddened,0.0
measures,0.0
heeded,0.0
see,0.0
seeing,0.0
correctness,0.0
citizens,0.0
poland,0.0
among,0.0
wck,0.0
founder,0.0
chef,0.0
destroyed,0.0
beating,0.0
hopes,0.0
finally,0.0
withdrew,0.0
apocalyptic,0.0
scenes,0.0
worker,0.0
killings,0.0
message,0.0
differentiate,0.0
repatriated,0.0
governments,0.0
arming,0.0
occupation,0.0
illustrated,0.0
guide,0.0
hits,0.0
accepts,0.0
striking,0.0
announces,0.0
accepted,0.0
videos,0.0
believed,0.0
coal,0.0
carrier,0.0
maritime,0.0
sunk,0.0
crew,0.0
missing,0.0
insidious,0.0
dismantle,0.0
appealing,0.0
philippe,0.0
lazzarini,0.0
crucial,0.0
ever,0.0
effort,0.0
disaster,0.0
unfolding,0.0
bombarded,0.0
successful,0.0
barakat,0.0
mohammed,0.0
played,0.0
ahly,0.0
searches,0.0
reliving,0.0
ended,0.0
executed,0.0
everything,0.0
balah,0.0
promising,0.0
career,0.0
barely,0.0
sadaqa,0.0
asks,0.0
parties,0.0
cease,0.0
sport,0.0
observing,0.0
backdrop,0.0
endorses,0.0
accept,0.0
favour,0.0
abstention,0.0
russia,0.0
terminally,0.0
ill,0.0
prisoner,0.0
walid,0.0
daqqa,0.0
dies,0.0
custody,0.0
soldier,0.0
remained,0.0
prison,0.0
imprisoned,0.0
novelist,0.0
cancer,0.0
shamir,0.0
center,0.0
detainees,0.0
protect,0.0
observe,0.0
ruined,0.0
mosques,0.0
leaves,0.0
everywhere,0.0
someone,0.0
heritage,0.0
disillusioned,0.0
professor,0.0
kamel,0.0
hawwash,0.0
run,0.0
trust,0.0
ruling,0.0
communities,0.0
sharp,0.0
decline,0.0
scattered,0.0
streets,0.0
result,0.0
nonstop,0.0
toll,0.0
risen,0.0
spent,0.0
mind,0.0
miles,0.0
constantly,0.0
wonder,0.0
arrived,0.0
intense,0.0
walked,0.0
realising,0.0
beginning,0.0
nightmare,0.0
boy,0.0
fireworks,0.0
mission,0.0
visa,0.0
process,0.0
unlivable,0.0
immigration,0.0
marc,0.0
described,0.0
late,0.0
december,0.0
disease,0.0
pose,0.0
dangers,0.0
brutal,0.0
million,0.0
towns,0.0
ruins,0.0
forced,0.0
flee,0.0
homes,0.0
reinforced,0.0
preparation,0.0
wider,0.0
seizure,0.0
palestians,0.0
takeover,0.0
worsens,0.0
dire,0.0
prayers,0.0
mosque,0.0
holding,0.0
overshadowed,0.0
pummelled,0.0
serbia,0.0
secretly,0.0
sending,0.0
grown,0.0
sign,0.0
throughout,0.0
sought,0.0
publicly,0.0
avoid,0.0
involvement,0.0
belgrade,0.0
maintaining,0.0
relatively,0.0
aimed,0.0
preserving,0.0
relationships,0.0
professors,0.0
excessive,0.0
arrests,0.0
demonstration,0.0
emory,0.0
female,0.0
hauled,0.0
detained,0.0
demonstrator,0.0
tasered,0.0
speak,0.0
nakba,0.0
dr,0.0
ghassan,0.0
shares,0.0
share,0.0
accounts,0.0
ugly,0.0
young,0.0
witnessing,0.0
colombia,0.0
cuts,0.0
gustavo,0.0
petro,0.0
crowd,0.0
bogota,0.0
humanity,0.0
uses,0.0
pulley,0.0
retrieve,0.0
floor,0.0
residential,0.0
tower,0.0
shut,0.0
golden,0.0
gate,0.0
bridge,0.0
sites,0.0
blockaded,0.0
cities,0.0
nearly,0.0
victims,0.0
containing,0.0
elderly,0.0
signs,0.0
executions,0.0
rendered,0.0
invisible,0.0
data,0.0
fuels,0.0
laws,0.0
burlington,0.0
vermont,0.0
happen,0.0
anywhere,0.0
surround,0.0
sanctioned,0.0
antony,0.0
alerted,0.0
done,0.0
half,0.0
convoys,0.0
denied,0.0
islamic,0.0
encroached,0.0
provocative,0.0
annual,0.0
parade,0.0
joined,0.0
shouting,0.0
racist,0.0
slogans,0.0
approves,0.0
keeps,0.0
nod,0.0
qatar,0.0
mocking,0.0
ridiculous,0.0
smells,0.0
devastated,0.0
withdrawn,0.0
enters,0.0
seventh,0.0
maha,0.0
thaer,0.0
returns,0.0
netzah,0.0
yehuda,0.0
battalion,0.0
possible,0.0
considering,0.0
abuse,0.0
imposing,0.0
operations,0.0
los,0.0
angeles,0.0
carrying,0.0
icc,0.0
seeks,0.0
condemning,0.0
prosecutor,0.0
seek,0.0
application,0.0
proportion,0.0
equate,0.0
executioner,0.0
confirm,0.0
car,0.0
yusaf,0.0
baz,0.0
iron,0.0
dome,0.0
battery,0.0
crack,0.0
momentum,0.0
threatening,0.0
safety,0.0
cleared,0.0
unlawful,0.0
gathering,0.0
ramp,0.0
impact,0.0
globe,0.0
efficient,0.0
goods,0.0
exponential,0.0
increase,0.0
commercial,0.0
buys,0.0
franchise,0.0
restaurants,0.0
boycotts,0.0
subject,0.0
franchisee,0.0
alonyal,0.0
donate,0.0
meals,0.0
buy,0.0
ownership,0.0
outlets,0.0
employ,0.0
essential,0.0
items,0.0
nearing,0.0
delays,0.0
securing,0.0
billions,0.0
ukraine,0.0
outcry,0.0
stresses,0.0
commitment,0.0
ironclad,0.0
signed,0.0
taiwan,0.0
ending,0.0
legislative,0.0
impasse,0.0
assistance,0.0
negative,0.0
negotiation,0.0
lead,0.0
hamdan,0.0
arrives,0.0
push,0.0
escalated,0.0
faculty,0.0
suspending,0.0
refused,0.0
mean,0.0
passed,0.0
takeaways,0.0
france,0.0
intensifying,0.0
game,0.0
reluctance,0.0
accepting,0.0
wildfire,0.0
celebrating,0.0
joy,0.0
however,0.0
machinegun,0.0
near,0.0
reporter,0.0
identifiable,0.0
targetted,0.0
shelling,0.0
sailors,0.0
fatal,0.0
seafarers,0.0
merchant,0.0
gulf,0.0
aden,0.0
fatalities,0.0
busiest,0.0
fitch,0.0
ratings,0.0
upgrades,0.0
revenues,0.0
lng,0.0
fields,0.0
provide,0.0
budget,0.0
surpluses,0.0
upgraded,0.0
aa,0.0
rating,0.0
expected,0.0
expanded,0.0
turkey,0.0
halts,0.0
trade,0.0
cites,0.0
suspend,0.0
imports,0.0
halted,0.0
turkish,0.0
citing,0.0
worsening,0.0
tragedy,0.0
catastrophic,0.0
cargo,0.0
challenged,0.0
iom,0.0
australian,0.0
firms,0.0
making,0.0
components,0.0
pope,0.0
fighter,0.0
jet,0.0
melbourne,0.0
highlighted,0.0
hidden,0.0
yet,0.0
component,0.0
manufacturing,0.0
suburban,0.0
graduation,0.0
messages,0.0
weaved,0.0
addresses,0.0
heckling,0.0
guest,0.0
speakers,0.0
comedian,0.0
jerry,0.0
seinfeld,0.0
ways,0.0
ceremonies,0.0
resistance,0.0
difference,0.0
elections,0.0
antigovernment,0.0
encamp,0.0
divest,0.0
sensationalist,0.0
mobilisation,0.0
overshadow,0.0
atrocities,0.0
renews,0.0
michigan,0.0
demand,0.0
call,0.0
complete,0.0
total,0.0
thus,0.0
standing,0.0
gaza,0.0
ceasefire,0.0
release,0.0
captives,0.0
forcing,0.0
pay,0.0
writer,0.0
owen,0.0
jones,0.0
artists,0.0
performers,0.0
jeffrey,0.0
sachs,0.0
complicit,0.0
today,0.0
stopped,0.0
argues,0.0
draw,0.0
memories,0.0
damaged,0.0
easter,0.0
places,0.0
worship,0.0
culture,0.0
created,0.0
stunning,0.0
pictures,0.0
address,0.0
delivery,0.0
falls,0.0
requirement,0.0
stave,0.0
highest,0.0
volume,0.0
veto,0.0
supply,0.0
vetoed,0.0
resolutions,0.0
members,0.0
successfully,0.0
francis,0.0
laud,0.0
courage,0.0
crackdown,0.0
faith,0.0
civil,0.0
progressive,0.0
protesting,0.0
says,0.0
scheduled,0.0
thoughts,0.0
go,0.0
facing,0.0
huge,0.0
beneath,0.0
unmarked,0.0
save,0.0
wars,0.0
punched,0.0
choked,0.0
kicked,0.0
labelled,0.0
sympathisers,0.0
right,0.0
berlin,0.0
great,0.0
endangerment,0.0
academic,0.0
freedom,0.0
started,0.0
cecilia,0.0
undergraduate,0.0
especially,0.0
watershed,0.0
jewish,0.0
look,0.0
shift,0.0
community,0.0
policies,0.0
rages,0.0
sixth,0.0
devastation,0.0
resulting,0.0
children,0.0
mostly,0.0
crises,0.0
rallied,0.0
denounce,0.0
repeats,0.0
forgotten,0.0
spurring,0.0
smile,0.0
recovered,0.0
jabalia,0.0
meanwhile,0.0
urge,0.0
laid,0.0
luis,0.0
moreno,0.0
ocampo,0.0
discusses,0.0
warrant,0.0
requests,0.0
raging,0.0
requested,0.0
yoav,0.0
gallant,0.0
karim,0.0
pleading,0.0
survival,0.0
wisconsin,0.0
advocates,0.0
hope,0.0
uncommitted,0.0
renewed,0.0
calls,0.0
primary,0.0
hoping,0.0
heba,0.0
immediate,0.0
organiser,0.0
milwaukee,0.0
became,0.0
democratic,0.0
campaigning,0.0
israeli,0.0
hoped,0.0
shifting,0.0
attitudes,0.0
reflected,0.0
marking,0.0
viral,0.0
sunday,0.0
image,0.0
phrase,0.0
important,0.0
alleyesonrafah,0.0
gone,0.0
celebrities,0.0
seemed,0.0
mention,0.0
drawing,0.0
attention,0.0
wants,0.0
sinwar,0.0
applied,0.0
haniyeh,0.0
studying,0.0
discussed,0.0
cutoff,0.0
experts,0.0
blank,0.0
cheque,0.0
wages,0.0
day,0.0
brave,0.0
beatings,0.0
smears,0.0
jailed,0.0
refusing,0.0
serve,0.0
threats,0.0
harassment,0.0
christian,0.0
calendar,0.0
biden,0.0
maya,0.0
travelled,0.0
greece,0.0
syrian,0.0
deeply,0.0
arriving,0.0
small,0.0
boats,0.0
still,0.0
vast,0.0
swathes,0.0
crippled,0.0
haunt,0.0
coastal,0.0
best,0.0
ships,0.0
tonnes,0.0
depart,0.0
cyprus,0.0
us,0.0
marks,0.0
president,0.0
convoy,0.0
israel,0.0
larnaca,0.0
die,0.0
scream,0.0
could,0.0
starving,0.0
maysoon,0.0
wish,0.0
squeezes,0.0
bit,0.0
cartoned,0.0
cheese,0.0
onto,0.0
freshly,0.0
baked,0.0
piece,0.0
bread,0.0
knowing,0.0
thing,0.0
eat,0.0
happening,0.0
guantanamo,0.0
meaningless,0.0
suffered,0.0
mistreatment,0.0
detention,0.0
facilities,0.0
follows,0.0
patterns,0.0
detainee,0.0
asadullah,0.0
haroon,0.0
prisons,0.0
centres,0.0
come,0.0
flooding,0.0
erdogan,0.0
greek,0.0
sees,0.0
unsolvable,0.0
problems,0.0
ankara,0.0
resolution,0.0
kyriakos,0.0
mitotakis,0.0
intensify,0.0
bilateral,0.0
contacts,0.0
recep,0.0
tayyip,0.0
administration,0.0
becomes,0.0
youngest,0.0
medic,0.0
zakaria,0.0
allowed,0.0
volunteer,0.0
inspired,0.0
clock,0.0
assists,0.0
un,0.0
skills,0.0
restraint,0.0
increases,0.0
respond,0.0
urged,0.0
initiative,0.0
defuse,0.0
participate,0.0
trilateral,0.0
hostile,0.0
defense,0.0
defusing,0.0
grow,0.0
really,0.0
fewer,0.0
changes,0.0
calculates,0.0
bias,0.0
security,0.0
reopen,0.0
approach,0.0
council,0.0
exactly,0.0
hanoon,0.0
erez,0.0
pass,0.0
fool,0.0
liars,0.0
hearing,0.0
interrupted,0.0
accusations,0.0
plea,0.0
judges,0.0
gives,0.0
ministers,0.0
networks,0.0
deem,0.0
immediately,0.0
accordance,0.0
activity,0.0
malnourished,0.0
getting,0.0
anyone,0.0
united,0.0
age,0.0
acute,0.0
percentage,0.0
doubled,0.0
january,0.0
blasts,0.0
bloody,0.0
condemned,0.0
showdown,0.0
mike,0.0
johnson,0.0
struggling,0.0
republican,0.0
malcontents,0.0
dependent,0.0
asia,0.0
pacific,0.0
penalties,0.0
stopping,0.0
settler,0.0
focused,0.0
punishments,0.0
haitham,0.0
kaabna,0.0
terrified,0.0
stormed,0.0
village,0.0
tajamaa,0.0
states,0.0
nationalist,0.0
compared,0.0
trump,0.0
charlottesville,0.0
peanut,0.0
donald,0.0
hateful,0.0
infamous,0.0
ronald,0.0
virginia,0.0
begins,0.0
hardship,0.0
escalate,0.0
trying,0.0
extend,0.0
conflicts,0.0
maintain,0.0
hold,0.0
argue,0.0
baalbek,0.0
eastern,0.0
order,0.0
triggering,0.0
sorties,0.0
various,0.0
locations,0.0
prime,0.0
special,0.0
minister,0.0
details,0.0
rapporteur,0.0
territories,0.0
areas,0.0
menachem,0.0
anticipates,0.0
tore,0.0
tents,0.0
burning,0.0
designated,0.0
authorises,0.0
begin,0.0
post,0.0
greenlighted,0.0
expresses,0.0
ultranationalist,0.0
marchers,0.0
chanted,0.0
put,0.0
end,0.0
neighbourhood,0.0
old,0.0
chanting,0.0
arabs,0.0
amount,0.0
victory,0.0
ultimate,0.0
annihilation,0.0
lamont,0.0
hill,0.0
orly,0.0
noy,0.0
extreme,0.0
elements,0.0
leadership,0.0
holocaust,0.0
climbing,0.0
internal,0.0
friction,0.0
lebanon,0.0
perhaps,0.0
ignore,0.0
rein,0.0
charred,0.0
triggered,0.0
ripped,0.0
political,0.0
sparks,0.0
arab,0.0
anecdote,0.0
stated,0.0
published,0.0
received,0.0
mandate,0.0
invasion,0.0
unveils,0.0
bills,0.0
stalled,0.0
legislation,0.0
reject,0.0
text,0.0
drafted,0.0
advance,0.0
failed,0.0
air,0.0
expanding,0.0
outposts,0.0
secluded,0.0
hills,0.0
hebron,0.0
strikes,0.0
wake,0.0
prized,0.0
possession,0.0
grove,0.0
pomegranate,0.0
fig,0.0
trees,0.0
towered,0.0
kinds,0.0
aloe,0.0
plants,0.0
enveloping,0.0
imposes,0.0
programmes,0.0
mount,0.0
possibility,0.0
add,0.0
harm,0.0
ngos,0.0
tracking,0.0
continue,0.0
welcome,0.0
addition,0.0
offering,0.0
limiting,0.0
trapping,0.0
sick,0.0
collapse,0.0
across,0.0
ajopinion,0.0
abstain,0.0
analyst,0.0
trita,0.0
parsi,0.0
deepen,0.0
isolation,0.0
parts,0.0
hollywood,0.0
stars,0.0
wear,0.0
pin,0.0
badges,0.0
oscars,0.0
pins,0.0
academy,0.0
awards,0.0
musicians,0.0
billie,0.0
eilish,0.0
finneas,0.0
truce,0.0
poor,0.0
star,0.0
ruffalo,0.0
ramy,0.0
youssef,0.0
wore,0.0
talks,0.0
arsenal,0.0
airborne,0.0
naval,0.0
capabilities,0.0
choose,0.0
carefully,0.0
morning,0.0
defences,0.0
province,0.0
isfahan,0.0
woman,0.0
efrat,0.0
katz,0.0
abductors,0.0
combat,0.0
helicopter,0.0
kidnappers,0.0
congressional,0.0
propose,0.0
spending,0.0
struggle,0.0
bipartisan,0.0
shutdown,0.0
avert,0.0
works,0.0
moves,0.0
classes,0.0
online,0.0
demonstrating,0.0
virtually,0.0
kill,0.0
distraction,0.0
divert,0.0
widening,0.0
obstructs,0.0
consistent,0.0
aj,0.0
palestinians,0.0
premieres,0.0
unflinching,0.0
uncensored,0.0
pm,0.0
bury,0.0
https,0.0
netanyahu,0.0
faces,0.0
floating,0.0
clambering,0.0
delivered,0.0
pressure,0.0
sides,0.0
thrown,0.0
require,0.0
exercise,0.0
concerned,0.0
reminded,0.0
obligation,0.0
abide,0.0
responds,0.0
argued,0.0
regular,0.0
proposals,0.0
record,0.0
exist,0.0
resist,0.0
heard,0.0
chant,0.0
commemorates,0.0
displacement,0.0
military,0.0
founding,0.0
violently,0.0
dartmouth,0.0
college,0.0
errors,0.0
corrected,0.0
parliament,0.0
allows,0.0
shutdowns,0.0
principally,0.0
mama,0.0
hear,0.0
kids,0.0
hanan,0.0
mazen,0.0
stuck,0.0
bethlehem,0.0
launched,0.0
sits,0.0
bed,0.0
jala,0.0
pale,0.0
seconds,0.0
tries,0.0
muster,0.0
greeting,0.0
strip,0.0
development,0.0
programme,0.0
estimates,0.0
deadly,0.0
ii,0.0
effect,0.0
recognise,0.0
european,0.0
enact,0.0
recognition,0.0
officials,0.0
sake,0.0
recall,0.0
envoys,0.0
changed,0.0
discuss,0.0
tournament,0.0
brings,0.0
momentary,0.0
years,0.0
moath,0.0
raja,0.0
allah,0.0
known,0.0
players,0.0
tournaments,0.0
latest,0.0
cast,0.0
uninstructed,0.0
national,0.0
proposed,0.0
chose,0.0
deal,0.0
version,0.0
hostilities,0.0
ballot,0.0
voice,0.0
displeasure,0.0
handling,0.0
worms,0.0
insects,0.0
infest,0.0
exchange,0.0
rotting,0.0
sun,0.0
eating,0.0
shipments,0.0
originally,0.0
meant,0.0
loser,0.0
necessary,0.0
decisions,0.0
confronting,0.0
prisoners,0.0
capable,0.0
intelligence,0.0
peers,0.0
spot,0.0
haliva,0.0
establishing,0.0
accountability,0.0
failures,0.0
surrounding,0.0
aharon,0.0
resign,0.0
suit,0.0
wary,0.0
prosecution,0.0
unfettered,0.0
police,0.0
remove,0.0
poet,0.0
describe,0.0
feelings,0.0
shields,0.0
labyrinth,0.0
students,0.0
mechanisms,0.0
creating,0.0
designed,0.0
punish,0.0
angered,0.0
devastates,0.0
largely,0.0
developments,0.0
schools,0.0
eroding,0.0
foundation,0.0
societal,0.0
growth,0.0
sciences,0.0
percent,0.0
rehabilitation,0.0
functional,0.0
coordination,0.0
hall,0.0
hamilton,0.0
signature,0.0
hub,0.0
pivotal,0.0
moments,0.0
history,0.0
often,0.0
wael,0.0
dahdouh,0.0
bureau,0.0
bears,0.0
scars,0.0
echoes,0.0
resilience,0.0
globally,0.0
zones,0.0
immense,0.0
realities,0.0
po,0.0
blames,0.0
university,0.0
plastic,0.0
bags,0.0
hebrew,0.0
holds,0.0
vows,0.0
isolating,0.0
determined,0.0
staging,0.0
backing,0.0
hunger,0.0
date,0.0
withhold,0.0
pauses,0.0
operationally,0.0
battled,0.0
elsewhere,0.0
strike,0.0
ccny,0.0
partnerships,0.0
interim,0.0
jean,0.0
basseres,0.0
demonstrate,0.0
french,0.0
adopted,0.0
leave,0.0
preparations,0.0
poses,0.0
leads,0.0
risking,0.0
wrath,0.0
malta,0.0
slovenia,0.0
symbolism,0.0
limited,0.0
spraying,0.0
pesticide,0.0
unknown,0.0
liquid,0.0
belongings,0.0
banners,0.0
pennsylvania,0.0
concludes,0.0
retaliatory,0.0
campus,0.0
revenge,0.0
personnel,0.0
harsher,0.0
neighbours,0.0
burial,0.0
filming,0.0
risked,0.0
snipers,0.0
unicef,0.0
attempted,0.0
spokeswoman,0.0
tess,0.0
ingram,0.0
carry,0.0
ramallah,0.0
detaining,0.0
campaigners,0.0
without,0.0
announce,0.0
maintained,0.0
detonated,0.0
explosive,0.0
devices,0.0
crossed,0.0
blast,0.0
incident,0.0
number,0.0
officers,0.0
via,0.0
excuses,0.0
reaching,0.0
reason,0.0
applies,0.0
wield,0.0
insisting,0.0
negotiate,0.0
entered,0.0
pa,0.0
currently,0.0
paris,0.0
observer,0.0
vatican,0.0
polish,0.0
tusk,0.0
reaction,0.0
understandable,0.0
anger,0.0
charity,0.0
scrutiny,0.0
lawyer,0.0
coined,0.0
term,0.0
lessons,0.0
weekly,0.0
insightful,0.0
perspectives,0.0
puts,0.0
current,0.0
graphics,0.0
generated,0.0
artificial,0.0
opposed,0.0
pounds,0.0
declaring,0.0
dismantled,0.0
flattened,0.0
crosses,0.0
deadlocked,0.0
backward,0.0
hampered,0.0
mediator,0.0
steam,0.0
abc,0.0
institute,0.0
studies,0.0
revealed,0.0
language,0.0
removed,0.0
favoured,0.0
narrative,0.0
objective,0.0
student,0.0
relied,0.0
reveal,0.0
shedding,0.0
convulsed,0.0
rabbi,0.0
served,0.0
leeds,0.0
zecharia,0.0
deutsch,0.0
chaplain,0.0
suspension,0.0
recovering,0.0
receives,0.0
sets,0.0
condition,0.0
envoy,0.0
amos,0.0
hochstein,0.0
lecturers,0.0
spanish,0.0
activists,0.0
muted,0.0
occupied,0.0
academics,0.0
madrid,0.0
flags,0.0
hanging,0.0
abbas,0.0
appoints,0.0
mustafa,0.0
authority,0.0
reform,0.0
mahmoud,0.0
appointed,0.0
longtime,0.0
adviser,0.0
vision,0.0
buildings,0.0
protest,0.0
related,0.0
war,0.0
doha,0.0
bringing,0.0
narrow,0.0
interest,0.0
evacuation,0.0
begun,0.0
darwish,0.0
poetic,0.0
mass,0.0
poems,0.0
relevant,0.0
particularly,0.0
beauty,0.0
voices,0.0
distracts,0.0
graves,0.0
takes,0.0
fist,0.0
found,0.0
devoted,0.0
rejection,0.0
southern,0.0
thirst,0.0
tactics,0.0
marginalised,0.0
discover,0.0
shape,0.0
cop,0.0
affecting,0.0
liberties,0.0
racial,0.0
critics,0.0
integration,0.0
technologies,0.0
militarised,0.0
urban,0.0
policing,0.0
organisers,0.0
impacts,0.0
perpetuates,0.0
systemic,0.0
racism,0.0
promote,0.0
aggressive,0.0
methods,0.0
diverting,0.0
funds,0.0
services,0.0
vow,0.0
california,0.0
ut,0.0
austin,0.0
usc,0.0
harvard,0.0
vowed,0.0
hospital,0.0
raided,0.0
emerson,0.0
italy,0.0
fled,0.0
builds,0.0
raji,0.0
sourani,0.0
raged,0.0
colleagues,0.0
sicily,0.0
try,0.0
messina,0.0
piles,0.0
documents,0.0
english,0.0
filled,0.0
desk,0.0
covered,0.0
triestino,0.0
forces,0.0
overlooking,0.0
mediterranean,0.0
waters,0.0
smoking,0.0
etna,0.0
volcano,0.0
given,0.0
coordinates,0.0
ensure,0.0
hrw,0.0
depriving,0.0
education,0.0
dentistry,0.0
tasneem,0.0
ahel,0.0
overseas,0.0
finish,0.0
presidential,0.0
candidate,0.0
losing,0.0
search,0.0
field,0.0
fault,0.0
investigates,0.0
deepens,0.0
levels,0.0
wavered,0.0
agrees,0.0
sweden,0.0
resumes,0.0
payment,0.0
teams,0.0
disbursed,0.0
gets,0.0
assurances,0.0
checks,0.0
resuming,0.0
say,0.0
disbursement,0.0
receiving,0.0
extra,0.0
remembered,0.0
expelled,0.0
creation,0.0
nada,0.0
qaddourah,0.0
breaks,0.0
parallels,0.0
equivalence,0.0
defends,0.0
insists,0.0
defended,0.0
courts,0.0
uncovered,0.0
surviving,0.0
energy,0.0
cry,0.0
hundreds,0.0
fund,0.0
oil,0.0
tanker,0.0
mv,0.0
andromeda,0.0
suffers,0.0
bodies,0.0
reaper,0.0
downed,0.0
promise,0.0
wounding,0.0
grounds,0.0
medics,0.0
scour,0.0
site,0.0
nasser,0.0
medical,0.0
union,0.0
quarter,0.0
never,0.0
recover,0.0
watching,0.0
downplays,0.0
big,0.0
story,0.0
ignoring,0.0
complex,0.0
battleground,0.0
enablers,0.0
opponents,0.0
unusual,0.0
landscape,0.0
courtrooms,0.0
past,0.0
lawyers,0.0
conventions,0.0
prohibit,0.0
actually,0.0
implemented,0.0
lawsuits,0.0
motions,0.0
fingernails,0.0
defies,0.0
defiant,0.0
tone,0.0
hemmed,0.0
longer,0.0
concrete,0.0
prosecute,0.0
indonesia,0.0
malaysia,0.0
hammer,0.0
starbucks,0.0
hitting,0.0
southeast,0.0
owners,0.0
denying,0.0
links,0.0
medan,0.0
ordinarily,0.0
entrepreneur,0.0
putra,0.0
kelana,0.0
fast,0.0
friends,0.0
sumatra,0.0
upfront,0.0
authors,0.0
scathing,0.0
roughly,0.0
city,0.0
domestic,0.0
vedant,0.0
patel,0.0
gross,0.0
nevertheless,0.0
remain,0.0
eligible,0.0
expects,0.0
accelerated,0.0
sustained,0.0
improve,0.0
facilitation,0.0
agencies,0.0
looming,0.0
khan,0.0
users,0.0
gala,0.0
younis,0.0
digital,0.0
guillotine,0.0
spawned,0.0
cyberspace,0.0
insensitive,0.0
supportive,0.0
mourning,0.0
recent,0.0
festival,0.0
sacrifice,0.0
weakness,0.0
withdrawal,0.0
inability,0.0
strongly,0.0
condemn,0.0
unimaginable,0.0
inflicted,0.0
wales,0.0
polls,0.0
mayoral,0.0
trial,0.0
kind,0.0
assassination,0.0
options,0.0
irgc,0.0
area,0.0
strait,0.0
hormuz,0.0
conducted,0.0
container,0.0
oppose,0.0
pushing,0.0
,0.0
drew,0.0
ire,0.0
phrases,0.0
river,0.0
list,0.0
iris,0.0
hefets,0.0
read,0.0
jew,0.0
amounts,0.0
eliminating,0.0
practical,0.0
widespread,0.0
neighbourhoods,0.0
grocer,0.0
let,0.0
ishaq,0.0
qafisheh,0.0
worked,0.0
falafel,0.0
key,0.0
remember,0.0
steers,0.0
wheelchair,0.0
ibrahimi,0.0
resting,0.0
trusty,0.0
crutch,0.0
shoulder,0.0
rolls,0.0
lifelong,0.0
companion,0.0
polio,0.0
accuse,0.0
completely,0.0
denounced,0.0
accusing,0.0
systematically,0.0
events,0.0
rubymar,0.0
spell,0.0
nations,0.0
essence,0.0
greenpeace,0.0
environmental,0.0
chief,0.0
campaign,0.0
badly,0.0
february,0.0
almost,0.0
slick,0.0
coral,0.0
reefs,0.0
apparently,0.0
brought,0.0
unrelenting,0.0
relentless,0.0
saied,0.0
hypocrite,0.0
authoritarian,0.0
fiery,0.0
rhetoric,0.0
meaningful,0.0
chasm,0.0
populations,0.0
decisive,0.0
responses,0.0
shameful,0.0
implicit,0.0
exposed,0.0
death,0.0
trend,0.0
regimes,0.0
exploiting,0.0
cause,0.0
gain,0.0
spearheaded,0.0
none,0.0
dictatorial,0.0
kais,0.0
aftermath,0.0
courtyard,0.0
wounds,0.0
crowded,0.0
destruction,0.0
things,0.0
unity,0.0
strongest,0.0
path,0.0
lie,0.0
integrity,0.0
unite,0.0
stand,0.0
istanbul,0.0
measure,0.0
desperation,0.0
anxious,0.0
destroying,0.0
prospects,0.0
outlined,0.0
comprised,0.0
stages,0.0
rebuilding,0.0
stressing,0.0
saturday,0.0
achieving,0.0
delegates,0.0
responded,0.0
decimated,0.0
skyrocket,0.0
tout,0.0
april,0.0
exert,0.0
surges,0.0
senator,0.0
chris,0.0
van,0.0
hollen,0.0
relatives,0.0
reiterates,0.0
counterattack,0.0
reiterating,0.0
cages,0.0
coordinated,0.0
emerge,0.0
locked,0.0
blocked,0.0
radwan,0.0
restricts,0.0
roads,0.0
products,0.0
stops,0.0
adequate,0.0
airdrop,0.0
rocket,0.0
kiryat,0.0
shmona,0.0
tel,0.0
gap,0.0
aviv,0.0
generational,0.0
divide,0.0
willingness,0.0
challenge,0.0
administrators,0.0
display,0.0
nationwide,0.0
satellite,0.0
images,0.0
sanad,0.0
deployed,0.0
ready,0.0
stationing,0.0
imagery,0.0
assessed,0.0
verification,0.0
calling,0.0
bad,0.0
weather,0.0
dock,0.0
reinstalled,0.0
hostage,0.0
dilemma,0.0
reading,0.0
obsessed,0.0
else,0.0
dramatic,0.0
resulted,0.0
benjamin,0.0
option,0.0
uva,0.0
turmoil,0.0
paralyse,0.0
highways,0.0
travel,0.0
illinois,0.0
preventing,0.0
heavily,0.0
airports,0.0
brooklyn,0.0
bridges,0.0
busy,0.0
highway,0.0
blocks,0.0
steadfast,0.0
springs,0.0
george,0.0
chants,0.0
ululating,0.0
cheers,0.0
georgetown,0.0
neighbouring,0.0
gw,0.0
capital,0.0
clash,0.0
conservative,0.0
ability,0.0
reach,0.0
feel,0.0
alishba,0.0
javaid,0.0
troopers,0.0
lawn,0.0
loved,0.0
tour,0.0
thursday,0.0
ones,0.0
icj,0.0
facility,0.0
physicians,0.0
rules,0.0
knowledge,0.0
violate,0.0
line,0.0
must,0.0
association,0.0
guides,0.0
operate,0.0
decades,0.0
sons,0.0
grandchildren,0.0
assassinated,0.0
kamala,0.0
harris,0.0
jimmy,0.0
kimmel,0.0
disrupted,0.0
vice,0.0
stop,0.0
interview,0.0
forcibly,0.0
guards,0.0
officer,0.0
dissolved,0.0
cabinet,0.0
pressured,0.0
principal,0.0
rival,0.0
benny,0.0
gantz,0.0
drums,0.0
louder,0.0
heaviest,0.0
rafah,0.0
starved,0.0
operation,0.0
third,0.0
harsh,0.0
detentions,0.0
humiliation,0.0
violating,0.0
obligations,0.0
filed,0.0
texan,0.0
heifers,0.0
temple,0.0
next,0.0
cattle,0.0
halfway,0.0
kept,0.0
tight,0.0
raised,0.0
strictest,0.0
withdraws,0.0
battlegrounds,0.0
protested,0.0
vietnam,0.0
moving,0.0
closer,0.0
declarations,0.0
appropriate,0.0
separately,0.0
meetings,0.0
champions,0.0
cross,0.0
international,0.0
landed,0.0
metres,0.0
womb,0.0
premature,0.0
named,0.0
sabreen,0.0
court,0.0
jouda,0.0
sister,0.0
cambridge,0.0
oxford,0.0
showing,0.0
closes,0.0
due,0.0
biggest,0.0
calculus,0.0
justice,0.0
oct,0.0
khalil,0.0
issued,0.0
offer,0.0
fm,0.0
suspended,0.0
knows,0.0
conflicting,0.0
chatter,0.0
carries,0.0
nbc,0.0
questioned,0.0
weaponry,0.0
progress,0.0
significant,0.0
round,0.0
attended,0.0
revisiting,0.0
molokhia,0.0
legally,0.0
siham,0.0
shaaban,0.0
fork,0.0
explaining,0.0
considered,0.0
lucky,0.0
charm,0.0
table,0.0
binding,0.0
halt,0.0
diagnosed,0.0
restrict,0.0
medicine,0.0
disagree,0.0
spy,0.0
tunnel,0.0
network,0.0
called,0.0
duty,0.0
clutch,0.0
pave,0.0
pathway,0.0
june,0.0
footsteps,0.0
minimise,0.0
consistently,0.0
disproportionate,0.0
waterfront,0.0
property,0.0
valuable,0.0
jared,0.0
kushner,0.0
enable,0.0
fell,0.0
intervention,0.0
carnage,0.0
provisions,0.0
southernmost,0.0
urgency,0.0
clearly,0.0
indicate,0.0
intent,0.0
mistake,0.0
repercussions,0.0
internationally,0.0
phone,0.0
taps,0.0
intimidation,0.0
spying,0.0
prosecutors,0.0
derail,0.0
investigations,0.0
decade,0.0
soraya,0.0
lennie,0.0
explains,0.0
evacuate,0.0
slam,0.0
legislators,0.0
bans,0.0
slammed,0.0
town,0.0
republicans,0.0
tribunal,0.0
palestinian,0.0
fighters,0.0
employee,0.0
abused,0.0
jail,0.0
baraa,0.0
odeh,0.0
accuses,0.0
physically,0.0
assaulted,0.0
commission,0.0
abusive,0.0
humiliating,0.0
insiders,0.0
brussels,0.0
belgium,0.0
traditionally,0.0
focus,0.0
farm,0.0
climate,0.0
inquiry,0.0
migration,0.0
kibbutz,0.0
dark,0.0
heartening,0.0
conquering,0.0
terrain,0.0
wee,0.0
groups,0.0
ellen,0.0
granberg,0.0
cops,0.0
crimes,0.0
expression,0.0
officially,0.0
breakdown,0.0
less,0.0
although,0.0
doubt,0.0
contractors,0.0
eighth,0.0
destructive,0.0
modern,0.0
paraded,0.0
flag,0.0
antagonising,0.0
locals,0.0
saif,0.0
kwasmi,0.0
twist,0.0
justifies,0.0
tasked,0.0
concluded,0.0
intentionally,0.0
feeding,0.0
disastrous,0.0
committed,0.0
test,0.0
limits,0.0
hamas,0.0
averting,0.0
brief,0.0
stern,0.0
well,0.0
advances,0.0
contentious,0.0
conscription,0.0
religious,0.0
inserting,0.0
revive,0.0
exemption,0.0
rampage,0.0
conflict,0.0
uncovering,0.0
please,0.0
unfolds,0.0
core,0.0
pales,0.0
comparison,0.0
grave,0.0
anniversary,0.0
expulsion,0.0
calamity,0.0
delivers,0.0
morehouse,0.0
historically,0.0
martin,0.0
luther,0.0
king,0.0
jr,0.0
barghouti,0.0
ian,0.0
lustick,0.0
dissect,0.0
refusal,0.0
slow,0.0
learner,0.0
awaiting,0.0
bani,0.0
suheila,0.0
dispersal,0.0
seems,0.0
endorsed,0.0
need,0.0
hersh,0.0
know,0.0
triggers,0.0
retrieved,0.0
criticises,0.0
undated,0.0
two,0.0
clip,0.0
largest,0.0
duration,0.0
igniting,0.0
housing,0.0
bulldozed,0.0
drainage,0.0
true,0.0
naivety,0.0
believing,0.0
endless,0.0
naive,0.0
equality,0.0
forged,0.0
unlikely,0.0
friendship,0.0
hate,0.0
hospitals,0.0
sieges,0.0
month,0.0
discovery,0.0
danger,0.0
kuwaiti,0.0
service,0.0
trap,0.0
indonesian,0.0
inside,0.0
collapsing,0.0
strain,0.0
intensified,0.0
tal,0.0
week,0.0
besieges,0.0
consensus,0.0
emerging,0.0
gunfire,0.0
divided,0.0
probe,0.0
unifil,0.0
issam,0.0
abdallah,0.0
firing,0.0
met,0.0
suspends,0.0
deadline,0.0
defied,0.0
ultimatum,0.0
burned,0.0
pained,0.0
cries,0.0
frantic,0.0
unspeakable,0.0
pink,0.0
pyjamas,0.0
settled,0.0
bloodied,0.0
specialty,0.0
bewildered,0.0
blinks,0.0
intergenerational,0.0
youth,0.0
establishment,0.0
wage,0.0
pronounced,0.0
challenging,0.0
grief,0.0
reappoints,0.0
madbouly,0.0
form,0.0
tackle,0.0
abdel,0.0
fattah,0.0
reappointed,0.0
mostafa,0.0
intercepted,0.0
generals,0.0
song,0.0
eurovision,0.0
contest,0.0
prides,0.0
nonpolitical,0.0
inclusion,0.0
music,0.0
horror,0.0
carnival,0.0
quite,0.0
singing,0.0
extravaganza,0.0
attracts,0.0
viewers,0.0
features,0.0
ballads,0.0
punk,0.0
rock,0.0
metal,0.0
folk,0.0
dancing,0.0
florida,0.0
shaming,0.0
newspapers,0.0
arbitrary,0.0
drawn,0.0
precise,0.0
witnessed,0.0
burials,0.0
countless,0.0
ordeals,0.0
though,0.0
comment,0.0
levelled,0.0
unpublished,0.0
condemnation,0.0
worshippers,0.0
clears,0.0
transparent,0.0
trespassing,0.0
credible,0.0
sri,0.0
lanka,0.0
turned,0.0
cases,0.0
investigation,0.0
massacring,0.0
uk,0.0
confidential,0.0
cable,0.0
wikileaks,0.0
plight,0.0
lankan,0.0
paramedics,0.0
block,0.0
paramedic,0.0
jawdat,0.0
arms,0.0
fraught,0.0
heightened,0.0
ripple,0.0
honest,0.0
tool,0.0
negotiating,0.0
stressed,0.0
raise,0.0
peaceful,0.0
sales,0.0
norwegian,0.0
espen,0.0
barth,0.0
eide,0.0
formalise,0.0
pulled,0.0
restart,0.0
nypd,0.0
cuny,0.0
renamed,0.0
zip,0.0
foreign,0.0
administrative,0.0
abstains,0.0
sustainable,0.0
mob,0.0
ethnic,0.0
cleansing,0.0
invented,0.0
serb,0.0
genocidaires,0.0
cover,0.0
starting,0.0
checking,0.0
rest,0.0
rely,0.0
reliable,0.0
information,0.0
speaks,0.0
mariam,0.0
confrontations,0.0
punches,0.0
confronted,0.0
separating,0.0
breached,0.0
infant,0.0
newborn,0.0
david,0.0
indirect,0.0
cia,0.0
separate,0.0
delegations,0.0
ostracising,0.0
priority,0.0
cameron,0.0
relating,0.0
seeming,0.0
confusion,0.0
talking,0.0
conflating,0.0
hurt,0.0
addressed,0.0
avoids,0.0
refute,0.0
allegation,0.0
tactic,0.0
instead,0.0
answered,0.0
explanation,0.0
mujahed,0.0
abadi,0.0
letting,0.0
sleep,0.0
strapped,0.0
stall,0.0
dig,0.0
sticking,0.0
british,0.0
revived,0.0
compromise,0.0
raiding,0.0
popular,0.0
amr,0.0
musara,0.0
government,0.0
evokes,0.0
coming,0.0
growing,0.0
kham,0.0
thien,0.0
hanoi,0.0
private,0.0
venue,0.0
tucked,0.0
alley,0.0
weapons,0.0
listened,0.0
attentively,0.0
saleem,0.0
hammad,0.0
charismatic,0.0
fluent,0.0
vietnamese,0.0
teach,0.0
bravery,0.0
generosity,0.0
hopeful,0.0
word,0.0
uttered,0.0
hung,0.0
balance,0.0
drive,0.0
eliminate,0.0
earth,0.0
supplies,0.0
high,0.0
multiple,0.0
ordering,0.0
subjected,0.0
expand,0.0
refuge,0.0
continues,0.0
boys,0.0
aged,0.0
kingdom,0.0
handed,0.0
russian,0.0
deadliest,0.0
unesco,0.0
rats,0.0
antiwar,0.0
companies,0.0
waving,0.0
supports,0.0
elijah,0.0
kahlenberg,0.0
pr,0.0
doomed,0.0
fail,0.0
rejecting,0.0
reviewing,0.0
intentional,0.0
vagueness,0.0
period,0.0
calm,0.0
obstacle,0.0
michael,0.0
hanna,0.0
creator,0.0
boycotting,0.0
newsweek,0.0
opinion,0.0
batya,0.0
legal,0.0
shutting,0.0
assisting,0.0
tightrope,0.0
advice,0.0
soar,0.0
contending,0.0
pressures,0.0
hashemite,0.0
jordan,0.0
powers,0.0
dissolves,0.0
centrist,0.0
disappoint,0.0
hardliners,0.0
angling,0.0
influence,0.0
matter,0.0
confident,0.0
reopening,0.0
healing,0.0
psychological,0.0
schooling,0.0
coupled,0.0
bombings,0.0
sickness,0.0
bereavement,0.0
said,0.0
fires,0.0
worried,0.0
staffer,0.0
lily,0.0
greenberg,0.0
good,0.0
conscience,0.0
represent,0.0
tor,0.0
wennesland,0.0
coordinator,0.0
inception,0.0
rockets,0.0
centred,0.0
causing,0.0
cycles,0.0
shrunk,0.0
buffer,0.0
winds,0.0
boundary,0.0
wide,0.0
axis,0.0
demolishing,0.0
create,0.0
dividing,0.0
panacea,0.0
symbolic,0.0
grant,0.0
sovereignty,0.0
indicated,0.0
shaping,0.0
fix,0.0
first,0.0
woes,0.0
lose,0.0
sirens,0.0
months,0.0
army,0.0
plausibly,0.0
eight,0.0
doctor,0.0
advocating,0.0
adnan,0.0
fired,0.0
orthopaedics,0.0
prominent,0.0
rises,0.0
targeting,0.0
bulldoze,0.0
break,0.0
amsterdam,0.0
formal,0.0
incitement,0.0
alongside,0.0
wfp,0.0
belgian,0.0
netherlands,0.0
ghent,0.0
central,0.0
adds,0.0
crews,0.0
outlines,0.0
including,0.0
permanently,0.0
thanks,0.0
expressing,0.0
gratitude,0.0
prompting,0.0
explosions,0.0
steadily,0.0
boiling,0.0
activated,0.0
systems,0.0
objects,0.0
sounds,0.0
flights,0.0
briefly,0.0
alert,0.0
lifted,0.0
dragged,0.0
hassan,0.0
aided,0.0
sound,0.0
helped,0.0
lahia,0.0
terrifying,0.0
searching,0.0
kamal,0.0
adwan,0.0
time,0.0
ramming,0.0
several,0.0
widely,0.0
christians,0.0
darkness,0.0
dwindling,0.0
electricity,0.0
revokes,0.0
dana,0.0
abuqamar,0.0
suspicion,0.0
mischaracterised,0.0
revoked,0.0
participated,0.0
marching,0.0
delay,0.0
shocking,0.0
featuring,0.0
vigilantes,0.0
violent,0.0
vigilante,0.0
manufacturers,0.0
pakistani,0.0
technology,0.0
vetoes,0.0
ambiguous,0.0
eyeing,0.0
prospective,0.0
explicitly,0.0
circulated,0.0
heckle,0.0
harms,0.0
posed,0.0
plague,0.0
realised,0.0
terror,0.0
endemic,0.0
willing,0.0
catholic,0.0
couple,0.0
supplier,0.0
blaming,0.0
threatened,0.0
instructs,0.0
suggest,0.0
siding,0.0
successive,0.0
administrations,0.0
surveillance,0.0
haifa,0.0
surroundings,0.0
status,0.0
engage,0.0
reliant,0.0
visas,0.0
personal,0.0
televised,0.0
nation,0.0
intercepting,0.0
squad,0.0
congressman,0.0
jamaal,0.0
bowman,0.0
critic,0.0
german,0.0
latimer,0.0
representative,0.0
newest,0.0
lapd,0.0
standoff,0.0
ambassador,0.0
unanswered,0.0
pakistan,0.0
alleged,0.0
revolutionary,0.0
guard,0.0
corps,0.0
nicaragua,0.0
alleges,0.0
aware,0.0
escalates,0.0
bombarding,0.0
deeper,0.0
telling,0.0
ulterior,0.0
motive,0.0
delusions,0.0
absurd,0.0
comforting,0.0
provoke,0.0
unrest,0.0
mood,0.0
hypocrisy,0.0
occupying,0.0
colonising,0.0
algeria,0.0
scholars,0.0
algerian,0.0
rule,0.0
lot,0.0
colonial,0.0
speaking,0.0
placards,0.0
bloodbath,0.0
overcrowded,0.0
inflict,0.0
unable,0.0
cope,0.0
loses,0.0
foot,0.0
reporters,0.0
borders,0.0
seriously,0.0
summer,0.0
human,0.0
race,0.0
tests,0.0
lee,0.0
democrat,0.0
sweeping,0.0
rights,0.0
reflecting,0.0
effectively,0.0
comprising,0.0
audacious,0.0
outrageous,0.0
deportation,0.0
pledged,0.0
athens,0.0
forum,0.0
shoots,0.0
responding,0.0
germany,0.0
navy,0.0
pulls,0.0
withdrawing,0.0
scale,0.0
disengagement,0.0
irvine,0.0
lecture,0.0
stood,0.0
rebukes,0.0
outraged,0.0
heartbroken,0.0
stifles,0.0
fourth,0.0
injuries,0.0
unwavering,0.0
staunchest,0.0
backers,0.0
eighty,0.0
criticism,0.0
decimation,0.0
amnesty,0.0
established,0.0
forth,0.0
lifting,0.0
freeze,0.0
assault,0.0
fierce,0.0
absolute,0.0
unhindered,0.0
wealthy,0.0
wrapped,0.0
summit,0.0
knelt,0.0
shrapnel,0.0
leg,0.0
demonstrators,0.0
range,0.0
heading,0.0
ports,0.0
spokesperson,0.0
yahya,0.0
saree,0.0
strategies,0.0
quickly,0.0
tiny,0.0
abound,0.0
plummets,0.0
poll,0.0
forty,0.0
enthusiastic,0.0
plummeted,0.0
yearlong,0.0
provides,0.0
goodbye,0.0
mom,0.0
asma,0.0
jahangir,0.0
favourite,0.0
september,0.0
abroad,0.0
europe,0.0
sever,0.0
trigger,0.0
halls,0.0
institutions,0.0
boos,0.0
performance,0.0
booed,0.0
spectators,0.0
participation,0.0
waging,0.0
greta,0.0
thunberg,0.0
conference,0.0
tough,0.0
onus,0.0
authorities,0.0
throws,0.0
whose,0.0
counterpart,0.0
pushed,0.0
alone,0.0
apparent,0.0
weapon,0.0
dotted,0.0
red,0.0
survey,0.0
indicates,0.0
adopt,0.0
firmer,0.0
weaponised,0.0
mainstream,0.0
elites,0.0
demonising,0.0
novel,0.0
experiment,0.0
physics,0.0
unstoppable,0.0
lines,0.0
immovable,0.0
object,0.0
way,0.0
ignored,0.0
coi,0.0
guilty,0.0
western,0.0
discrimination,0.0
vicious,0.0
learned,0.0
captured,0.0
allies,0.0
aleppo,0.0
conduct,0.0
monitor,0.0
flour,0.0
fatmeh,0.0
major,0.0
strains,0.0
leans,0.0
walking,0.0
stick,0.0
hand,0.0
graveyard,0.0
tack,0.0
applause,0.0
types,0.0
shells,0.0
rooftops,0.0
gilad,0.0
erdan,0.0
motion,0.0
denouncing,0.0
forget,0.0
survive,0.0
sight,0.0
hometown,0.0
presumably,0.0
lottery,0.0
trail,0.0
dreams,0.0
pilgrimage,0.0
hajj,0.0
barred,0.0
usual,0.0
absent,0.0
celebrate,0.0
birthed,0.0
religion,0.0
occasion,0.0
graduate,0.0
cancel,0.0
complaints,0.0
paint,0.0
doused,0.0
surprise,0.0
prevail,0.0
