Word,Index
pope,0
renews,1
call,2
gaza,3
ceasefire,4
",",5
release,6
captive,7
easter,8
address,9
francis,10
say,11
thought,12
go,13
facing,14
war,15
especially,16
child,17
‘,18
forgotten,19
smile,20
’,21
.,22
ha,23
renewed,24
immediate,25
israeli,26
peace-focused,27
marking,28
sunday,29
important,30
day,31
christian,32
calendar,33
biden,34
still,35
best,36
u,37
president,38
israel,39
could,40
wish,41
meaningless,42
resolution,43
administration,44
allowed,45
un,46
security,47
council,48
pas,49
fool,50
anyone,51
united,52
state,53
ronald,54
reagan,55
order,56
prime,57
minister,58
menachem,59
begin,60
put,61
end,62
“,63
holocaust,64
”,65
lebanon,66
perhaps,67
best-known,68
political,69
anecdote,70
1982,71
invasion,72
air,73
strike,74
continue,75
across,76
truce,77
talk,78
struggle,79
kill,80
palestinians,81
pm,82
netanyahu,83
face,84
pressure,85
side,86
proposal,87
military,88
launched,89
strip,90
deadly,91
effect,92
official,93
discus,94
latest,95
proposed,96
deal,97
hostility,98
exchange,99
prisoner,100
police,101
remove,102
pro-palestinian,103
student,104
paris,105
science,106
po,107
university,108
students,109
staging,110
sit-in,111
hunger,112
french,113
leave,114
campus,115
without,116
incident,117
officer,118
entered,119
institute,120
study,121
(,122
),123
removed,124
activist,125
occupied,126
building,127
protest,128
mass,129
graf,130
found,131
southern,132
hospital,133
raided,134
force,135
search,136
team,137
uncovered,138
hundred,139
body,140
ground,141
nasser,142
medical,143
complex,144
city,145
khan,146
younis,147
wa,148
recent,149
withdrawal,150
area,151
nan,152
:,153
list,154
key,155
event,156
183,157
nations,158
chief,159
campaign,160
brought,161
relentless,162
death,163
destruction,164
thing,165
stand,166
saturday,167
april,168
6,169
2024,170
relative,171
cage,172
relatives,173
locked,174
blocked,175
road,176
tel,177
aviv,178
calling,179
benjamin,180
reach,181
loved,182
one,183
icj,184
rule,185
must,186
stop,187
rafah,188
operation,189
next,190
?,191
international,192
court,193
justice,194
issued,195
legally,196
binding,197
halt,198
called,199
southernmost,200
town,201
palestinian,202
fighter,203
accuses,204
commission,205
inquiry,206
group,207
crime,208
breakdown,209
nations-backed,210
concluded,211
committed,212
hamas,213
well,214
eight-month,215
conflict,216
uncovering,217
grave,218
need,219
know,220
300,221
retrieved,222
two,223
largest,224
siege,225
month,226
discovery,227
inside,228
week,229
met,230
grief,231
horror,232
drawn,233
condemnation,234
nation,235
transparent,236
credible,237
investigation,238
uk,239
block,240
arm,241
sale,242
foreign,243
david,244
cameron,245
british,246
government,247
coming,248
growing,249
weapon,250
supply,251
continues,252
kingdom,253
company,254
reviewing,255
legal,256
advice,257
matter,258
said,259
fire,260
rocket,261
causing,262
first,263
siren,264
army,265
eight,266
fired,267
targeting,268
central,269
including,270
prompting,271
sound,272
time,273
several,274
pakistani,275
heckle,276
german,277
ambassador,278
activists,279
pakistan,280
alleged,281
hypocrisy,282
speaking,283
human,284
right,285
forum,286
germany,287
stifle,288
criticism,289
assault,290
demonstrator,291
quickly,292
asma,293
jahangir,294
conference,295
authority,296
pushed,297
dotted,298
red,299
line,300
way,301
ignored,302
western,303
ally,304
conduct,305
major,306
faced,307
consequence,308
tank,309
rolled,310
centre,311
announced,312
control,313
entire,314
philadelphi,315
corridor,316
land,317
run,318
along,319
egypt,320
border,321
governorate,322
hezbollah,323
keep,324
fighting,325
press,326
nasrallah,327
support,328
final,329
cross-border,330
displaces,331
thousand,332
people,333
head,334
powerful,335
lebanese,336
armed,337
resident,338
northern,339
would,340
able,341
return,342
home,343
start,344
school,345
year,346
pressed,347
cairo,348
substantial,349
answer,350
solution,351
negotiation,352
even,353
thwart,354
secure,355
40-day,356
ramadan,357
delegation,358
left,359
agreement,360
reached,361
thwarted,362
mediator,363
attempt,364
broker,365
muslim,366
holy,367
timeline,368
word,369
al,370
jazeera,371
look,372
washington,373
main,374
statement,375
position,376
policy,377
shifted,378
dc,379
–,380
prompt,381
mounting,382
concern,383
slowly,384
notched,385
simultaneously,386
continuing,387
happened,388
attacked,389
twice,390
since,391
killing,392
ten,393
horrific,394
circumstance,395
thirteen,396
21,397
killed,398
so-called,399
safe,400
al-mawasi,401
civilian,402
woman,403
girl,404
hind,405
khoudary,406
reported,407
tuesday,408
attack,409
un-run,410
least,411
40,412
spokesman,413
al-aqsa,414
three,415
clinical,416
capacity,417
dead,418
wounded,419
arrive,420
sheltering,421
displaced,422
nuseirat,423
camp,424
mainly,425
according,426
local,427
silence,428
gun,429
speech,430
palestine,431
secretary,432
general,433
antonio,434
guterres,435
six,436
nothing,437
justify,438
collective,439
punishment,440
taking,441
place,442
193,443
discovered,444
monday,445
—,446
al-shifa,447
second,448
beit,449
lahiya,450
16,451
set,452
impose,453
sanction,454
unit,455
abuse,456
report,457
fight,458
violation,459
imposed,460
medium,461
outlet,462
planning,463
step,464
journalist,465
freed,466
12-hour,467
arrest,468
media,469
watchdog,470
decry,471
ismail,472
al-ghoul,473
trapped,474
arabic,475
correspondent,476
released,477
arrested,478
12,479
hour,480
severely,481
beaten,482
theatrics,483
genocidal,484
impunity,485
us,486
rendering,487
draft,488
bosnian,489
genocide,490
may,491
1,492
submitted,493
assembly,494
unga,495
declare,496
july,497
11,498
remembrance,499
1995,500
srebrenica,501
document,502
forward,503
rwanda,504
co-sponsored,505
country,506
debated,507
voted,508
session,509
23,510
defeat,511
remark,512
widen,513
rift,514
daniel,515
hagari,516
saying,517
identifying,518
impossible,519
task,520
defeating,521
goal,522
mean,523
throwing,524
sand,525
eye,526
reporting,527
outside,528
banned,529
murder,530
starvation,531
gender-based,532
violence,533
detailed,534
long,535
offence,536
use,537
extermination,538
indiscriminate,539
warfare,540
sexual,541
hit,542
yemen,543
houthi-run,544
tv,545
attacks,546
target,547
hodeidah,548
airport,549
region,550
north,551
sanaa,552
masirah,553
houthis,554
sea,555
carried,556
television,557
station,558
yemeni,559
shipping,560
lane,561
rescued,562
rubble,563
video,564
show,565
rescue,566
debris,567
seen,568
asking,569
mother,570
died,571
witness,572
photo,573
prepare,574
eid,575
amid,576
placed,577
pall,578
celebration,579
shadow,580
continued,581
loom,582
large,583
holiday,584
al-fitr,585
fasting,586
154,587
world,588
celebrates,589
women,590
health,591
ministry,592
provided,593
update,594
challenge,595
friday,596
march,597
8,598
',599
symbol,600
coexistence,601
ayman,602
shaer,603
lying,604
ancient,605
square,606
sebastia,607
bleeding,608
unbearable,609
pain,610
scuffle,611
ucla,612
full,613
using,614
chemical,615
irritant,616
tasers,617
disperse,618
join,619
movement,620
pro-israeli,621
rally,622
divestment,623
linked,624
spread,625
preparing,626
close,627
last,628
zone,629
brace,630
afraid,631
resort,632
food,633
11-year-old,634
husam,635
recount,636
daily,637
battle,638
basic,639
necessity,640
like,641
water,642
sanitation,643
israel-hamas,644
australia,645
warn,646
potentially,647
devastating,648
push,649
ahead,650
offensive,651
cessation,652
warning,653
planned,654
overwhelmingly,655
vote,656
favourably,657
reconsider,658
request,659
become,660
194th,661
member,662
live,663
page,664
closed,665
follow,666
coverage,667
reacts,668
unsc,669
demanding,670
many,671
around,672
welcomed,673
leader,674
demand,675
oxfam,676
deliberately,677
blocking,678
aid,679
famine-stalked,680
truck,681
waiting,682
average,683
20,684
access,685
enclave,686
ngo,687
impending,688
famine,689
rise,690
bureaucracy,691
hinder,692
headed,693
claimed,694
remembering,695
amna,696
homaid,697
channel,698
14,699
aired,700
claiming,701
terrorist,702
later,703
missile,704
son,705
24,706
torn,707
lay,708
house,709
shati,710
part,711
rescuer,712
tried,713
find,714
survivor,715
struck,716
eldest,717
mahdi,718
brother,719
five,720
injured,721
survived,722
anti-war,723
protester,724
texas,725
riot,726
filmed,727
arresting,728
person,729
appears,730
disabled,731
dozens,732
moved,733
clear,734
encampment,735
reportedly,736
pepper,737
spray,738
crowd,739
considers,740
$,741
18bn,742
transfer,743
f-15,744
jet,745
partner,746
fellow,747
democrats,748
congress,749
condition,750
joe,751
weighing,752
whether,753
package,754
include,755
dozen,756
aircraft,757
reuters,758
news,759
agency,760
launch,761
vessel,762
warship,763
defend,764
new,765
come,766
iran-aligned,767
targeted,768
houthi,769
coalition,770
defending,771
fallout,772
emergency,773
clinic,774
director,775
ambulance,776
department,777
hani,778
al-jaafrawi,779
500,780
staff,781
october,782
7,783
shielding,784
action,785
strap,786
man,787
jeep,788
tie,789
expert,790
amounted,791
shield,792
west,793
bank,794
tied,795
hood,796
vehicle,797
raid,798
jenin,799
appearing,800
francesca,801
albanese,802
indication,803
violated,804
act,805
listed,806
convention,807
reasonable,808
believe,809
committing,810
besieged,811
nations-appointed,812
destroy,813
reject,814
rejected,815
raising,816
fear,817
drag,818
blindsided,819
announcement,820
agreed,821
egyptian-qatari,822
made,823
something,824
agree,825
make,826
explicit,827
took,828
expands,829
bid,830
heavy,831
qatari,832
egyptian,833
plan,834
resume,835
bombardment,836
back,837
membership,838
doe,839
give,840
recognises,841
qualified,842
extends,843
privilege,844
backed,845
recognising,846
recommending,847
claim,848
senior,849
commander,850
marwan,851
issa,852
confirmation,853
ago,854
deputy,855
earlier,856
shot,857
describes,858
ordeal,859
laughing,860
playing,861
front,862
driven,863
describing,864
treatment,865
soldier,866
positive,867
spirit,868
visit,869
soon,870
mark,871
eve,872
draw,873
spend,874
prayer,875
tense,876
sombre,877
weekend,878
approach,879
six-month,880
equipment,881
seized,882
ap,883
associated,884
welcome,885
decision,886
raise,887
broadcaster,888
law,889
communication,890
ordered,891
camera,892
broadcasting,893
returned,894
spain,895
formally,896
recognised,897
historic,898
move,899
towards,900
route,901
achieve,902
peace,903
pedro,904
sanchez,905
ireland,906
norway,907
144,908
acknowledge,909
statehood,910
seizes,911
800,912
hectare,913
finance,914
bezalel,915
smotrich,916
despite,917
illegal,918
settlement,919
declared,920
"1,977",921
acre,922
facilitate,923
doctor,924
appeal,925
suffering,926
panel,927
spoke,928
saw,929
onslaught,930
blockade,931
healthcare,932
system,933
unviable,934
app,935
helping,936
boycott,937
brand,938
supporting,939
business,940
deemed,941
invitation,942
global,943
outrage,944
joint,945
meeting,946
top,947
lawmaker,948
15,949
others,950
incursion,951
refugee,952
intensifies,953
territory,954
gov,955
"3,500",956
risk,957
dying,958
lack,959
vaccine,960
office,961
cook,962
maqlouba,963
wartime,964
family,965
began,966
abu,967
elias,968
showed,969
prepares,970
famous,971
dish,972
shortage,973
caused,974
setting,975
temporary,976
port,977
delivery,978
pier,979
take,980
60,981
build,982
might,983
effective,984
urgent,985
crisis,986
deliver,987
humanitarian,988
starve,989
accused,990
massacre,991
witnesses,992
helicopter,993
opened,994
desperately,995
hungry,996
repeatedly,997
attacking,998
seeker,999
181,1000
following,1001
seven,1002
kitchen,1003
worker,1004
wednesday,1005
4,1006
afford,1007
becoming,1008
another,1009
issue,1010
stark,1011
full-scale,1012
brink,1013
secretary-general,1014
expressed,1015
increasing,1016
escalating,1017
clash,1018
sway,1019
south,1020
africa,1021
election,1022
governing,1023
anc,1024
vocally,1025
pro-palestine,1026
opposition,1027
da,1028
remains,1029
neutral,1030
affect,1031
voter,1032
29,1033
cape,1034
allow,1035
supporter,1036
baby,1037
killer,1038
furious,1039
surrey,1040
estate,1041
shouted,1042
heckled,1043
speaker,1044
podium,1045
nappy,1046
milk,1047
bombing,1048
led,1049
price,1050
skyrocketing,1051
looking,1052
alternative,1053
deir,1054
el-balah,1055
cold,1056
night,1057
aida,1058
al-baawi,1059
rushed,1060
makeshift,1061
tent,1062
nearby,1063
martyr,1064
ongoing,1065
gave,1066
birth,1067
daughter,1068
meet,1069
iran,1070
tell,1071
shared,1072
responsibility,1073
work,1074
prevent,1075
escalation,1076
send,1077
1bn,1078
ammunition,1079
tactical,1080
pause,1081
bomb,1082
told,1083
rising,1084
footballer,1085
el,1086
ghazi,1087
promise,1088
months,1089
contract,1090
terminated,1091
football,1092
club,1093
mainz,1094
social,1095
post,1096
dutch,1097
player,1098
anwar,1099
warns,1100
future,1101
generation,1102
peril,1103
tedros,1104
malnutrition,1105
urge,1106
entry,1107
organization,1108
expansion,1109
crossing,1110
help,1111
densely,1112
populated,1113
rare,1114
threatens,1115
invades,1116
admitted,1117
american,1118
used,1119
jerusalem,1120
israelis,1121
thronged,1122
broke,1123
marched,1124
increased,1125
effort,1126
free,1127
held,1128
removal,1129
slam,1130
withholding,1131
promised,1132
restriction,1133
shipment,1134
review,1135
criticised,1136
max,1137
planck,1138
society,1139
unconditional,1140
open,1141
letter,1142
employee,1143
mps,1144
stance,1145
view,1146
diverse,1147
mp,1148
research,1149
institution,1150
writing,1151
express,1152
disapproval,1153
employer,1154
taken,1155
israel-palestine,1156
serious,1157
change,1158
discourse,1159
within,1160
whole,1161
bring,1162
analysts,1163
imminent,1164
vary,1165
beirut,1166
withdraw,1167
majority,1168
troop,1169
temporarily,1170
analyst,1171
anticipating,1172
intensification,1173
sort,1174
invade,1175
bureij,1176
artillery,1177
storm,1178
win,1179
day-after,1180
blinken,1181
diplomat,1182
strategy,1183
govern,1184
stablise,1185
worse,1186
re-emerge,1187
strong,1188
post-war,1189
leaving,1190
question,1191
governed,1192
stablised,1193
wfp,1194
matthew,1195
hollingworth,1196
failure,1197
programme,1198
collapsed,1199
infrastructure,1200
cost,1201
increasingly,1202
evident,1203
drown,1204
desperate,1205
get,1206
dropped,1207
yusuf,1208
ghaben,1209
drowned,1210
drive,1211
plane,1212
northwest,1213
coast,1214
father,1215
nine,1216
decided,1217
swim,1218
politics,1219
broken,1220
african,1221
anti-zionist,1222
starmer,1223
andrew,1224
feinstein,1225
politician,1226
running,1227
labour,1228
london,1229
constituency,1230
england,1231
gear,1232
critical,1233
briton,1234
deciding,1235
party,1236
loyalty,1237
independent,1238
candidate,1239
protection,1240
patrol,1241
market,1242
groups,1243
masked,1244
men,1245
committee,1246
patrolling,1247
lookout,1248
black,1249
pricing,1250
faction,1251
hamas-led,1252
interior,1253
role,1254
municipal,1255
disbanded,1256
confirmed,1257
al-zin,1258
antitank,1259
china,1260
middle,1261
east,1262
peacemaker,1263
brokered,1264
saudi,1265
arabia-iran,1266
détente,1267
expectation,1268
arose,1269
parlay,1270
economic,1271
clout,1272
bigger,1273
diplomatic,1274
palestine-israel,1275
white,1276
iftar,1277
unravelled,1278
sources,1279
cancelled,1280
meal,1281
invitee,1282
declined,1283
attend,1284
familiar,1285
moment,1286
capture,1287
martyrs,1288
compound,1289
fleeing,1290
torture,1291
lived,1292
escape,1293
mohammad,1294
sukkar,1295
safer,1296
fill,1297
tear,1298
experience,1299
giving,1300
discussing,1301
delivering,1302
charge,1303
complicity,1304
supplying,1305
light,1306
plausible,1307
much,1308
debate,1309
extent,1310
hampering,1311
passage,1312
life-saving,1313
export,1314
underpin,1315
flow,1316
drone,1317
massive,1318
aerial,1319
consulate,1320
syria,1321
unleashed,1322
barrage,1323
early,1324
retaliation,1325
suspected,1326
damascus,1327
13,1328
yearn,1329
story,1330
four,1331
reflect,1332
life,1333
midst,1334
care,1335
stay,1336
alive,1337
talked,1338
greater,1339
chord,1340
barrier,1341
public,1342
space,1343
defence,1344
montreal,1345
canada,1346
sitting,1347
bench,1348
heart,1349
mcgill,1350
farrah,1351
want,1352
listen,1353
pave,1354
ban,1355
knesset,1356
pass,1357
paving,1358
blow,1359
joining,1360
case,1361
former,1362
represents,1363
unbelievable,1364
damage,1365
estimated,1366
18.5bn,1367
un-world,1368
initial,1369
assessment,1370
level,1371
unprecedented,1372
likely,1373
underestimate,1374
real,1375
loss,1376
pattern,1377
going,1378
1948,1379
supposed,1380
immune,1381
bombed,1382
shelled,1383
2023,1384
film,1385
context,1386
historical,1387
expense,1388
population,1389
cut,1390
power,1391
fuel,1392
shielded,1393
command,1394
produced,1395
little,1396
evidence,1397
criminal,1398
seeking,1399
warrant,1400
deliberate,1401
shelter,1402
is­rael,1403
170,1404
warplane,1405
pound,1406
mediation,1407
appear,1408
stalling,1409
unfreeze,1410
unrwa,1411
funding,1412
restore,1413
3.8m,1414
embattled,1415
pledge,1416
additional,1417
lost,1418
million,1419
dollar,1420
allegation,1421
involved,1422
roadside,1423
mortar,1424
qassam,1425
brigades,1426
base,1427
round,1428
enter,1429
200,1430
fall,1431
far,1432
short,1433
minimum,1434
500-600,1435
required,1436
feed,1437
entering,1438
karem,1439
salem,1440
living,1441
deteriorate,1442
solidarity,1443
trauma,1444
de-exceptionalising,1445
reshaping,1446
psychic,1447
imagination,1448
beyond,1449
hare,1450
every,1451
fly,1452
overhead,1453
hand,1454
shake,1455
hide,1456
feel,1457
window,1458
watch,1459
walk,1460
grandparent,1461
anything,1462
harass,1463
everyone,1464
beat,1465
grandpa,1466
cousin,1467
patient,1468
november,1469
psychotherapy,1470
chicago,1471
felt,1472
nightmare,1473
kid,1474
canadian,1475
embargo,1476
sell,1477
apply,1478
permit,1479
worth,1480
already,1481
approved,1482
alex,1483
cosh,1484
editor,1485
status-quo-allergic,1486
upstart,1487
maple,1488
eu,1489
settler,1490
erupted,1491
nur,1492
shams,1493
tulkarem,1494
teenager,1495
severe,1496
response,1497
iranian,1498
overnight,1499
achieved,1500
adding,1501
threat,1502
warned,1503
larger,1504
retaliate,1505
tehran,1506
columbia,1507
cancel,1508
commencement,1509
ceremony,1510
york,1511
dispersed,1512
university-wide,1513
cracked,1514
spurred,1515
wave,1516
similar,1517
demonstration,1518
behind,1519
urging,1520
permanent,1521
includes,1522
hostage,1523
eventual,1524
reconstruction,1525
understand,1526
dad,1527
needed,1528
learn,1529
anthony,1530
shadid,1531
intifada,1532
went,1533
journey,1534
saved,1535
shoulder,1536
!,1537
begged,1538
diaspora,1539
jew,1540
think,1541
judaism,1542
zionism,1543
filmmaker,1544
gillian,1545
mosely,1546
2022,1547
propaganda,1548
gillan,1549
questioning,1550
upbringing,1551
deepest,1552
gas,1553
anti-gaza,1554
gathered,1555
forensic,1556
analysis,1557
false,1558
also,1559
certain,1560
repeated,1561
untrue,1562
investigative,1563
i-unit,1564
transformed,1565
supreme,1566
khamenei,1567
demonstrated,1568
comment,1569
dampened,1570
all-out,1571
ayatollah,1572
ali,1573
praised,1574
success,1575
direct,1576
turk,1577
horrified,1578
uncover,1579
volker,1580
iraq,1581
dangerous,1582
balancing,1583
iraqi,1584
al-sudani,1585
came,1586
neighbour,1587
regional,1588
airspace,1589
projectile,1590
flying,1591
caught,1592
crossfire,1593
opening,1594
salvo,1595
dragging,1596
180,1597
mistakenly,1598
working,1599
grows,1600
3,1601
scientist,1602
nathan,1603
brown,1604
different,1605
admit,1606
afghanistan,1607
vague,1608
overambitious,1609
aim,1610
phosphorous,1611
harming,1612
ecosystem,1613
"92,600",1614
village,1615
iom,1616
phosphorus,1617
munition,1618
lasting,1619
driving,1620
villager,1621
away,1622
threaten,1623
closure,1624
casualty,1625
cutting,1626
vital,1627
potential,1628
sanctuary,1629
thorn,1630
dream,1631
remainder,1632
reinforcing,1633
ostensibly,1634
long-telegraphed,1635
brigade,1636
present,1637
contradicts,1638
moral,1639
value,1640
number,1641
stage,1642
beautiful,1643
staged,1644
industry,1645
sink,1646
organisations,1647
unacceptable,1648
situation,1649
leading,1650
sinking,1651
ship,1652
irish,1653
turn,1654
series,1655
st,1656
patrick,1657
point,1658
swing,1659
evening,1660
2004,1661
john,1662
mulligan,1663
us-born,1664
citizen,1665
stranger,1666
asked,1667
funeral,1668
food-aid,1669
tribal,1670
coordinating,1671
distribution,1672
kuwait,1673
roundabout,1674
relief,1675
us-south,1676
breaking,1677
bill,1678
reassess,1679
relation,1680
painful,1681
representative,1682
reassessment,1683
relationship,1684
tension,1685
heckler,1686
resignation,1687
memorial,1688
wreath-laying,1689
yad,1690
vashem,1691
shoot,1692
unarmed,1693
advocacy,1694
condemns,1695
heinous,1696
whim,1697
buried,1698
rubbish,1699
bulldozer,1700
exclusive,1701
broadcast,1702
footage,1703
obtained,1704
shown,1705
affair,1706
resigns,1707
miller,1708
cited,1709
reason,1710
string,1711
departure,1712
israeli-palestinian,1713
resigned,1714
"37,400",1715
maghazi,1716
remaining,1717
overflowing,1718
ramaphosa,1719
pleased,1720
sad,1721
outcome,1722
cyril,1723
saddened,1724
measure,1725
heeded,1726
see,1727
seeing,1728
correctness,1729
citizens,1730
poland,1731
among,1732
states-based,1733
wck,1734
founder,1735
chef,1736
destroyed,1737
beating,1738
hope,1739
finally,1740
withdrew,1741
two-week,1742
apocalyptic,1743
scene,1744
message,1745
weapons,1746
differentiate,1747
repatriated,1748
arming,1749
occupation,1750
illustrated,1751
guide,1752
accepts,1753
striking,1754
announces,1755
accepted,1756
believed,1757
greek-owned,1758
coal,1759
carrier,1760
maritime,1761
sunk,1762
crew,1763
missing,1764
insidious,1765
dismantle,1766
appealing,1767
philippe,1768
lazzarini,1769
crucial,1770
ever,1771
disaster,1772
unfolding,1773
bombarded,1774
successful,1775
barakat,1776
mohammed,1777
played,1778
ahly,1779
reliving,1780
ended,1781
executed,1782
everything,1783
balah,1784
gaza-born,1785
promising,1786
career,1787
barely,1788
long-awaited,1789
sadaqa,1790
asks,1791
cease,1792
176,1793
sport,1794
war-displaced,1795
30,1796
observing,1797
backdrop,1798
muslims,1799
157,1800
endorses,1801
us-proposed,1802
us-sponsored,1803
accept,1804
favour,1805
abstention,1806
russia,1807
terminally,1808
ill,1809
walid,1810
daqqa,1811
dy,1812
custody,1813
1986,1814
remained,1815
prison,1816
imprisoned,1817
novelist,1818
cancer,1819
shamir,1820
center,1821
detainee,1822
ex-detainees,1823
protect,1824
observe,1825
ruined,1826
mosque,1827
leaf,1828
everywhere,1829
someone,1830
heritage,1831
disillusioned,1832
professor,1833
kamel,1834
hawwash,1835
trust,1836
ruling,1837
community,1838
sharp,1839
decline,1840
scattered,1841
street,1842
226,1843
result,1844
nonstop,1845
toll,1846
risen,1847
400,1848
spent,1849
43,1850
now-destroyed,1851
mind,1852
mile,1853
constantly,1854
wonder,1855
arrived,1856
9,1857
intense,1858
walked,1859
realising,1860
beginning,1861
43-day,1862
13-year-old,1863
boy,1864
firework,1865
mission,1866
visa,1867
process,1868
unlivable,1869
immigration,1870
marc,1871
described,1872
late,1873
december,1874
disease,1875
pose,1876
danger,1877
brutal,1878
2.3,1879
ruin,1880
forced,1881
flee,1882
50,1883
reinforced,1884
preparation,1885
wider,1886
seizure,1887
palestians,1888
takeover,1889
worsens,1890
dire,1891
holding,1892
overshadowed,1893
pummelled,1894
serbia,1895
secretly,1896
sending,1897
grown,1898
sign,1899
ever-warming,1900
throughout,1901
sought,1902
publicly,1903
avoid,1904
involvement,1905
belgrade,1906
maintaining,1907
relatively,1908
aimed,1909
preserving,1910
protesters,1911
excessive,1912
states,1913
emory,1914
female,1915
hauled,1916
detained,1917
tasered,1918
speak,1919
nakba,1920
dr,1921
ghassan,1922
abu-sittah,1923
share,1924
account,1925
ugly,1926
young,1927
witnessing,1928
colombia,1929
gustavo,1930
petro,1931
workers,1932
bogota,1933
humanity,1934
pulley,1935
retrieve,1936
floor,1937
residential,1938
tower,1939
shut,1940
golden,1941
gate,1942
bridge,1943
site,1944
blockaded,1945
nearly,1946
victim,1947
containing,1948
392,1949
elderly,1950
execution,1951
rendered,1952
invisible,1953
data,1954
burlington,1955
vermont,1956
happen,1957
anywhere,1958
children,1959
surround,1960
sanctioned,1961
antony,1962
alerted,1963
done,1964
half,1965
convoy,1966
denied,1967
islamic,1968
"1,100",1969
encroached,1970
provocative,1971
annual,1972
parade,1973
joined,1974
shouting,1975
racist,1976
slogan,1977
approves,1978
nod,1979
long-threatened,1980
1.4,1981
qatar,1982
mocking,1983
ridiculous,1984
smell,1985
devastated,1986
withdrawn,1987
enters,1988
seventh,1989
maha,1990
thaer,1991
netzah,1992
yehuda,1993
battalion,1994
possible,1995
considering,1996
imposing,1997
all-male,1998
ultra-orthodox,1999
los,2000
angeles,2001
carrying,2002
icc,2003
seek,2004
condemning,2005
prosecutor,2006
application,2007
proportion,2008
equate,2009
executioner,2010
confirm,2011
car,2012
yusaf,2013
baz,2014
iron,2015
dome,2016
battery,2017
crack,2018
momentum,2019
threatening,2020
safety,2021
130,2022
cleared,2023
unlawful,2024
gathering,2025
ramp,2026
impact,2027
months-long,2028
globe,2029
efficient,2030
good,2031
exponential,2032
increase,2033
commercial,2034
mcdonald,2035
buy,2036
225,2037
franchise,2038
restaurant,2039
subject,2040
franchisee,2041
alonyal,2042
donate,2043
30-year-old,2044
ownership,2045
employ,2046
"5,000",2047
159,2048
essential,2049
item,2050
nearing,2051
delay,2052
securing,2053
billion,2054
ukraine,2055
outcry,2056
stress,2057
commitment,2058
ironclad,2059
signed,2060
94bn,2061
taiwan,2062
ending,2063
legislative,2064
impasse,2065
assistance,2066
negative,2067
lead,2068
hamdan,2069
arrives,2070
escalated,2071
faculty,2072
suspending,2073
refused,2074
passed,2075
takeaway,2076
france,2077
intensifying,2078
game,2079
reluctance,2080
accepting,2081
5,2082
wildfire,2083
celebrating,2084
joy,2085
short-lived,2086
however,2087
machinegun,2088
near,2089
reporter,2090
identifiable,2091
targetted,2092
shelling,2093
sailor,2094
fatal,2095
houthi-claimed,2096
greek-operated,2097
barbados-flagged,2098
seafarer,2099
merchant,2100
gulf,2101
aden,2102
fatality,2103
busiest,2104
fitch,2105
rating,2106
upgrade,2107
third-highest,2108
revenues,2109
lng,2110
field,2111
provide,2112
budget,2113
surplus,2114
2030s,2115
upgraded,2116
aa,2117
revenue,2118
expected,2119
expanded,2120
turkey,2121
trade,2122
cite,2123
suspend,2124
import,2125
halted,2126
turkish,2127
citing,2128
worsening,2129
tragedy,2130
catastrophic,2131
tit-for-tat,2132
274,2133
cargo,2134
challenged,2135
regular,2136
australian,2137
firm,2138
making,2139
component,2140
f-35,2141
melbourne,2142
highlighted,2143
hidden,2144
yet,2145
manufacturing,2146
suburban,2147
graduation,2148
protests,2149
weaved,2150
heckling,2151
guest,2152
comedian,2153
jerry,2154
seinfeld,2155
resistance,2156
difference,2157
antigovernment,2158
encamp,2159
divest,2160
sensationalist,2161
mobilisation,2162
overshadow,2163
atrocity,2164
22,2165
michigan,2166
complete,2167
total,2168
thus,2169
standing,2170
"34,500",2171
"14,500",2172
490,2173
124,2174
forcing,2175
pay,2176
jews,2177
writer,2178
owen,2179
jones,2180
artist,2181
performer,2182
jeffrey,2183
sachs,2184
complicit,2185
today,2186
stopped,2187
argues,2188
memory,2189
damaged,2190
267,2191
worship,2192
culture,2193
created,2194
stunning,2195
picture,2196
seven-month,2197
requirement,2198
stave,2199
highest,2200
volume,2201
veto,2202
vetoed,2203
successfully,2204
190,2205
organisation,2206
laud,2207
courage,2208
crackdown,2209
faith,2210
civil,2211
progressive,2212
protesting,2213
171,2214
scheduled,2215
10am,2216
25,2217
"20,000",2218
huge,2219
beneath,2220
unmarked,2221
save,2222
"21,000",2223
punched,2224
choked,2225
kicked,2226
labelled,2227
sympathiser,2228
berlin,2229
great,2230
endangerment,2231
academic,2232
freedom,2233
started,2234
cecilia,2235
undergraduate,2236
watershed,2237
jewish,2238
shift,2239
rage,2240
sixth,2241
devastation,2242
resulting,2243
"31,000",2244
mostly,2245
rallied,2246
denounce,2247
repeat,2248
spurring,2249
long-feared,2250
recovered,2251
jabalia,2252
meanwhile,2253
laid,2254
luis,2255
moreno,2256
ocampo,2257
discusses,2258
raging,2259
requested,2260
yoav,2261
gallant,2262
karim,2263
pleading,2264
survival,2265
wisconsin,2266
advocate,2267
uncommitted,2268
2,2269
primary,2270
hoping,2271
heba,2272
32-year-old,2273
organiser,2274
milwaukee,2275
became,2276
democratic,2277
campaigning,2278
mid-2010s,2279
hoped,2280
shifting,2281
attitude,2282
reflected,2283
ai-image,2284
viral,2285
ai-generated,2286
image,2287
phrase,2288
#,2289
alleyesonrafah,2290
gone,2291
celebrity,2292
seemed,2293
mention,2294
drawing,2295
attention,2296
sinwar,2297
applied,2298
haniyeh,2299
studying,2300
discussed,2301
cutoff,2302
blank,2303
cheque,2304
wage,2305
anti-zionists,2306
brave,2307
smear,2308
jailed,2309
refusing,2310
serve,2311
harassment,2312
right-wing,2313
aviv/west,2314
2015,2315
maya,2316
travelled,2317
greece,2318
syrian,2319
deeply,2320
arriving,2321
small,2322
boat,2323
"34,000",2324
vast,2325
swathe,2326
crippled,2327
haunt,2328
coastal,2329
200th,2330
tonne,2331
depart,2332
cyprus,2333
three-ship,2334
larnaca,2335
die,2336
scream,2337
-,2338
starving,2339
maysoon,2340
al-nabahin,2341
squeeze,2342
bit,2343
cartoned,2344
cheese,2345
onto,2346
freshly,2347
baked,2348
piece,2349
bread,2350
knowing,2351
eat,2352
happening,2353
guantanamo,2354
us-style,2355
suffered,2356
mistreatment,2357
detention,2358
facility,2359
follows,2360
asadullah,2361
haroon,2362
flooding,2363
erdogan,2364
greek,2365
unsolvable,2366
problem,2367
ankara,2368
kyriakos,2369
mitotakis,2370
intensify,2371
bilateral,2372
contact,2373
recep,2374
tayyip,2375
12-year-old,2376
becomes,2377
youngest,2378
medic,2379
zakaria,2380
es-sersek,2381
volunteer,2382
inspired,2383
clock,2384
assist,2385
newly-developed,2386
skill,2387
restraint,2388
respond,2389
urged,2390
initiative,2391
defuse,2392
participate,2393
trilateral,2394
hostile,2395
defense,2396
defusing,2397
grow,2398
really,2399
fewer,2400
changes,2401
calculates,2402
bias,2403
reopen,2404
exactly,2405
hanoon,2406
erez,2407
charity,2408
liar,2409
hearing,2410
interrupted,2411
accusation,2412
plea,2413
judge,2414
network,2415
deem,2416
immediately,2417
accordance,2418
activity,2419
malnourished,2420
getting,2421
31,2422
%,2423
age,2424
acute,2425
percentage,2426
doubled,2427
january,2428
blast,2429
bloody,2430
condemned,2431
showdown,2432
mike,2433
johnson,2434
struggling,2435
republican,2436
malcontent,2437
dependent,2438
asia,2439
pacific,2440
penalty,2441
stopping,2442
focused,2443
haitham,2444
kaabna,2445
terrified,2446
stormed,2447
tajamaa,2448
al-murajaat,2449
nationalist,2450
compared,2451
trump,2452
charlottesville,2453
peanut,2454
donald,2455
hateful,2456
infamous,2457
2017,2458
virginia,2459
hardship,2460
escalate,2461
trying,2462
extend,2463
maintain,2464
hold,2465
argue,2466
baalbek,2467
eastern,2468
100,2469
triggering,2470
sortie,2471
various,2472
location,2473
special,2474
rapporteur,2475
detail,2476
anticipates,2477
tore,2478
burning,2479
designated,2480
authorises,2481
2.5bn,2482
greenlighted,2483
ultranationalist,2484
marcher,2485
chanted,2486
anti-palestinian,2487
anti-muslim,2488
neighbourhood,2489
old,2490
chanting,2491
arab,2492
amount,2493
victory,2494
ultimate,2495
annihilation,2496
lamont,2497
hill,2498
orly,2499
noy,2500
extreme,2501
element,2502
leadership,2503
"35,000",2504
climbing,2505
internal,2506
friction,2507
far-right,2508
ignore,2509
rein,2510
officials,2511
charred,2512
triggered,2513
ripped,2514
45,2515
spark,2516
israel-gaza,2517
stated,2518
published,2519
received,2520
mandate,2521
unveils,2522
stalled,2523
legislation,2524
members,2525
text,2526
drafted,2527
advance,2528
failed,2529
states-drafted,2530
expanding,2531
outpost,2532
secluded,2533
hebron,2534
al-kabash,2535
wake,2536
prized,2537
possession,2538
grove,2539
pomegranate,2540
fig,2541
tree,2542
towered,2543
kind,2544
aloe,2545
plant,2546
enveloping,2547
imposes,2548
sanctions,2549
mount,2550
possibility,2551
add,2552
harm,2553
ngos,2554
tracking,2555
addition,2556
offering,2557
limiting,2558
trapping,2559
sick,2560
collapse,2561
|,2562
ajopinion,2563
abstain,2564
trita,2565
parsi,2566
deepen,2567
isolation,2568
hollywood,2569
star,2570
wear,2571
pin,2572
badge,2573
oscar,2574
stars,2575
academy,2576
awards,2577
musician,2578
billie,2579
eilish,2580
finneas,2581
connell,2582
poor,2583
ruffalo,2584
ramy,2585
youssef,2586
wore,2587
96th,2588
award,2589
arsenal,2590
airborne,2591
naval,2592
capability,2593
choose,2594
carefully,2595
morning,2596
province,2597
isfahan,2598
efrat,2599
katz,2600
abductor,2601
combat,2602
kidnapper,2603
congressional,2604
propose,2605
spending,2606
biden-backed,2607
bipartisan,2608
shutdown,2609
avert,2610
class,2611
online,2612
demonstrating,2613
virtually,2614
de-escalate,2615
distraction,2616
divert,2617
widening,2618
obstructs,2619
consistent,2620
aj,2621
360,2622
premiere,2623
unflinching,2624
uncensored,2625
survivors,2626
first-hand,2627
crimes,2628
bury,2629
http,2630
/,2631
youtu.be/ilery4m9kqc,2632
floating,2633
clambering,2634
delivered,2635
us-built,2636
nicaragua,2637
thrown,2638
require,2639
exercise,2640
concerned,2641
reminded,2642
obligation,2643
abide,2644
responds,2645
argued,2646
round-the-clock,2647
2.0,2648
record,2649
exist,2650
resist,2651
heard,2652
chant,2653
commemorates,2654
displacement,2655
"750,000",2656
founding,2657
violently,2658
dartmouth,2659
college,2660
error,2661
corrected,2662
parliament,2663
allows,2664
principally,2665
mama,2666
hear,2667
hanan,2668
mazen,2669
stuck,2670
bethlehem,2671
al-qeeq,2672
sits,2673
bed,2674
jala,2675
pale,2676
try,2677
muster,2678
greeting,2679
1945,2680
development,2681
estimate,2682
40-50bn,2683
ii,2684
50bn,2685
recognise,2686
european,2687
enact,2688
recognition,2689
28,2690
sake,2691
recall,2692
envoy,2693
changed,2694
five-a-side,2695
tournament,2696
brings,2697
momentary,2698
moath,2699
raja,2700
allah,2701
known,2702
"47,800",2703
cast,2704
uninstructed,2705
national,2706
"50,000",2707
chose,2708
version,2709
ballot,2710
voice,2711
displeasure,2712
handling,2713
worm,2714
insect,2715
infest,2716
gaza-bound,2717
rotting,2718
sun,2719
worms,2720
eating,2721
originally,2722
meant,2723
loser,2724
necessary,2725
confronting,2726
iran-allied,2727
capable,2728
intelligence,2729
peer,2730
spot,2731
haliva,2732
establishing,2733
accountability,2734
surrounding,2735
aharon,2736
resign,2737
suit,2738
wary,2739
prosecution,2740
unfettered,2741
alaa,2742
poet,2743
describe,2744
feeling,2745
labyrinth,2746
mechanism,2747
creating,2748
designed,2749
punish,2750
angered,2751
devastates,2752
largely,2753
eroding,2754
foundation,2755
societal,2756
growth,2757
76,2758
percent,2759
rehabilitation,2760
functional,2761
coordination,2762
hall,2763
hamilton,2764
signature,2765
hub,2766
pivotal,2767
history,2768
often,2769
wael,2770
dahdouh,2771
bureau,2772
bear,2773
scar,2774
echo,2775
resilience,2776
globally,2777
immense,2778
reality,2779
10,2780
blame,2781
plastic,2782
bag,2783
hebrew,2784
vow,2785
isolating,2786
determined,2787
1.5,2788
backing,2789
186,2790
date,2791
withhold,2792
operationally,2793
battled,2794
elsewhere,2795
282,2796
ccny,2797
partnership,2798
interim,2799
jean,2800
basseres,2801
demonstrate,2802
172,2803
adopted,2804
26,2805
risking,2806
wrath,2807
malta,2808
slovenia,2809
symbolism,2810
limited,2811
spraying,2812
pesticide,2813
unknown,2814
liquid,2815
belonging,2816
banner,2817
pennsylvania,2818
concludes,2819
retaliatory,2820
first-ever,2821
revenge,2822
personnel,2823
harsher,2824
burial,2825
filming,2826
risked,2827
sniper,2828
unicef,2829
attempted,2830
spokeswoman,2831
tess,2832
ingram,2833
carry,2834
ramallah,2835
detaining,2836
campaigners,2837
"9,000",2838
announce,2839
maintained,2840
detonated,2841
explosive,2842
device,2843
crossed,2844
173,2845
27,2846
via,2847
excuse,2848
reaching,2849
applies,2850
wield,2851
insisting,2852
negotiate,2853
pa,2854
currently,2855
non-member,2856
observer,2857
vatican,2858
polish,2859
tusk,2860
reaction,2861
understandable,2862
anger,2863
scrutiny,2864
lawyer,2865
coined,2866
term,2867
lesson,2868
weekly,2869
insightful,2870
perspective,2871
current,2872
graphic,2873
generated,2874
artificial,2875
opposed,2876
declaring,2877
dismantled,2878
flattened,2879
cross,2880
deadlocked,2881
backward,2882
hampered,2883
steam,2884
abc,2885
pro-israel,2886
revealed,2887
language,2888
favoured,2889
narrative,2890
objective,2891
relied,2892
source,2893
reveal,2894
shedding,2895
convulsed,2896
rabbi,2897
served,2898
leeds,2899
zecharia,2900
deutsch,2901
chaplain,2902
suspension,2903
recovering,2904
receives,2905
amos,2906
hochstein,2907
lecturer,2908
spanish,2909
muted,2910
"2,000",2911
madrid,2912
flag,2913
hanging,2914
abbas,2915
appoints,2916
mustafa,2917
reform,2918
mahmoud,2919
appointed,2920
longtime,2921
adviser,2922
vision,2923
experts,2924
re-evaluating,2925
related,2926
doha,2927
bringing,2928
narrow,2929
interest,2930
evacuation,2931
begun,2932
darwish,2933
poetic,2934
poem,2935
relevant,2936
particularly,2937
beauty,2938
distracts,2939
;,2940
fist,2941
enemy,2942
devoted,2943
rejection,2944
…,2945
thirst,2946
tactic,2947
marginalised,2948
discover,2949
shape,2950
cop,2951
affecting,2952
liberty,2953
racial,2954
critic,2955
integration,2956
technology,2957
militarised,2958
urban,2959
policing,2960
perpetuates,2961
systemic,2962
racism,2963
promote,2964
aggressive,2965
method,2966
diverting,2967
fund,2968
service,2969
california,2970
ut,2971
austin,2972
usc,2973
harvard,2974
vowed,2975
georgia,2976
boston,2977
emerson,2978
italy,2979
fled,2980
raji,2981
sourani,2982
raged,2983
colleague,2984
sicily,2985
messina,2986
pile,2987
english,2988
filled,2989
desk,2990
covered,2991
triestino,2992
mariniello,2993
overlooking,2994
mediterranean,2995
smoking,2996
etna,2997
volcano,2998
rights,2999
given,3000
coordinate,3001
ensure,3002
hrw,3003
depriving,3004
education,3005
dentistry,3006
tasneem,3007
ahel,3008
overseas,3009
finish,3010
presidential,3011
losing,3012
fault,3013
lines,3014
investigates,3015
deepens,3016
wavered,3017
agrees,3018
sweden,3019
payment,3020
20m,3021
disbursed,3022
assurance,3023
check,3024
resuming,3025
cash-strapped,3026
disbursement,3027
receiving,3028
extra,3029
remembered,3030
expelled,3031
creation,3032
nada,3033
qaddourah,3034
break,3035
parallel,3036
equivalence,3037
defends,3038
insists,3039
defended,3040
"13,000",3041
surviving,3042
energy,3043
cry,3044
oil,3045
tanker,3046
mv,3047
andromeda,3048
suffers,3049
mq-9,3050
reaper,3051
downed,3052
wounding,3053
32,3054
scour,3055
310,3056
union,3057
quarter,3058
never,3059
recover,3060
watching,3061
downplays,3062
big,3063
ignoring,3064
fast-expanding,3065
battleground,3066
enablers,3067
opponent,3068
unusual,3069
landscape,3070
courtroom,3071
past,3072
prohibit,3073
actually,3074
implemented,3075
lawsuit,3076
motion,3077
fingernail,3078
defies,3079
defiant,3080
tone,3081
hemmed,3082
longer,3083
concrete,3084
prosecute,3085
indonesia,3086
malaysia,3087
hammer,3088
starbucks,3089
boycotts,3090
hitting,3091
southeast,3092
owner,3093
denying,3094
link,3095
medan,3096
ordinarily,3097
entrepreneur,3098
putra,3099
kelana,3100
fast,3101
friend,3102
sumatra,3103
upfront,3104
author,3105
scathing,3106
roughly,3107
15bn,3108
domestic,3109
vedant,3110
patel,3111
gross,3112
nevertheless,3113
remain,3114
eligible,3115
expects,3116
accelerated,3117
sustained,3118
improve,3119
facilitation,3120
looming,3121
war-ravaged,3122
user,3123
gala,3124
blockout2024,3125
digital,3126
guillotine,3127
spawned,3128
cyberspace,3129
insensitive,3130
supportive,3131
mourning,3132
al-adha,3133
festival,3134
sacrifice,3135
weakness,3136
inability,3137
strongly,3138
condemn,3139
unimaginable,3140
inflicted,3141
wale,3142
poll,3143
mayoral,3144
trial,3145
assassination,3146
option,3147
irgc,3148
israeli-linked,3149
strait,3150
hormuz,3151
conducted,3152
container,3153
oppose,3154
pushing,3155
drew,3156
ire,3157
river,3158
german-israeli,3159
iris,3160
hefets,3161
read,3162
eliminating,3163
practical,3164
widespread,3165
grocer,3166
let,3167
ishaq,3168
qafisheh,3169
worked,3170
falafel,3171
shop-turned-grocer,3172
remember,3173
steer,3174
wheelchair,3175
ibrahimi,3176
resting,3177
trusty,3178
crutch,3179
roll,3180
lifelong,3181
companion,3182
polio,3183
accuse,3184
completely,3185
denounced,3186
accusing,3187
systematically,3188
houthi-sunk,3189
rubymar,3190
spell,3191
eco-disaster,3192
essence,3193
greenpeace,3194
environmental,3195
belize-flagged,3196
british-owned,3197
badly,3198
february,3199
almost,3200
slick,3201
coral,3202
reef,3203
apparently,3204
83,3205
unrelenting,3206
tunisia,3207
saied,3208
hypocrite,3209
authoritarian,3210
fiery,3211
rhetoric,3212
meaningful,3213
chasm,3214
decisive,3215
shameful,3216
implicit,3217
exposed,3218
decades-old,3219
trend,3220
regime,3221
exploiting,3222
cause,3223
gain,3224
spearheaded,3225
none,3226
dictatorial,3227
kais,3228
aftermath,3229
courtyard,3230
wound,3231
crowded,3232
al-balah,3233
146,3234
unity,3235
strongest,3236
path,3237
lie,3238
integrity,3239
unite,3240
hours-long,3241
istanbul,3242
desperation,3243
anxious,3244
destroying,3245
prospect,3246
outlined,3247
comprised,3248
rebuilding,3249
stressing,3250
18,3251
achieving,3252
delegate,3253
responded,3254
decimated,3255
skyrocket,3256
tout,3257
two-state,3258
exert,3259
surge,3260
senator,3261
chris,3262
van,3263
hollen,3264
g7,3265
reiterates,3266
counterattack,3267
reiterating,3268
coordinated,3269
emerge,3270
anti-tank,3271
radwan,3272
restricts,3273
54,3274
product,3275
adequate,3276
airdrop,3277
kiryat,3278
shmona,3279
al-habbariyeh,3280
gap,3281
gaza-focused,3282
generational,3283
divide,3284
willingness,3285
administrator,3286
display,3287
nationwide,3288
satellite,3289
sanad,3290
deployed,3291
ready,3292
stationing,3293
imagery,3294
assessed,3295
verification,3296
re-establishes,3297
bad,3298
weather,3299
dock,3300
reinstalled,3301
dilemma,3302
reading,3303
obsessed,3304
else,3305
dramatic,3306
resulted,3307
270,3308
uva,3309
turmoil,3310
paralyse,3311
demonstrators,3312
highway,3313
travel,3314
illinois,3315
preventing,3316
heavily,3317
brooklyn,3318
busy,3319
steadfast,3320
spring,3321
george,3322
ululating,3323
cheer,3324
georgetown,3325
neighbouring,3326
gw,3327
capital,3328
conservative,3329
ability,3330
alishba,3331
javaid,3332
trooper,3333
lawn,3334
167,3335
tour,3336
thursday,3337
169,3338
five-day,3339
physician,3340
ill-treatment,3341
knowledge,3342
violate,3343
association,3344
operate,3345
decade,3346
sons,3347
grandchild,3348
assassinated,3349
kamala,3350
harris,3351
jimmy,3352
kimmel,3353
disrupted,3354
vice,3355
interview,3356
forcibly,3357
guard,3358
dissolved,3359
cabinet,3360
pressured,3361
principal,3362
rival,3363
benny,3364
gantz,3365
drum,3366
louder,3367
heaviest,3368
2006,3369
starved,3370
90,3371
third,3372
harsh,3373
humiliation,3374
violating,3375
filed,3376
texan,3377
heifer,3378
temple,3379
cattle,3380
halfway,3381
kept,3382
tight,3383
raised,3384
strictest,3385
withdraws,3386
protested,3387
vietnam,3388
moving,3389
closer,3390
declaration,3391
appropriate,3392
separately,3393
champion,3394
heavy-calibre,3395
landed,3396
metre,3397
womb,3398
premature,3399
named,3400
sabreen,3401
al-rouh,3402
jouda,3403
sister,3404
cambridge,3405
oxford,3406
showing,3407
due,3408
biggest,3409
calculus,3410
anti-government,3411
oct,3412
khalil,3413
al-hayya,3414
offer,3415
fm,3416
suspended,3417
conflicting,3418
chatter,3419
nbc,3420
questioned,3421
weaponry,3422
progress,3423
significant,3424
attended,3425
revisiting,3426
molokhia,3427
az-zawayda,3428
siham,3429
shaaban,3430
fork,3431
explaining,3432
considered,3433
lucky,3434
charm,3435
table,3436
famine-like,3437
"8,000",3438
diagnosed,3439
restrict,3440
medicine,3441
disagree,3442
spy,3443
tunnel,3444
duty,3445
clutch,3446
pathway,3447
june,3448
footstep,3449
means,3450
minimise,3451
consistently,3452
disproportionate,3453
waterfront,3454
property,3455
valuable,3456
jared,3457
kushner,3458
enable,3459
fell,3460
intervention,3461
carnage,3462
provision,3463
urgency,3464
clearly,3465
indicate,3466
intent,3467
mistake,3468
repercussion,3469
internationally,3470
phone,3471
tap,3472
intimidation,3473
spying,3474
derail,3475
soraya,3476
lennie,3477
explains,3478
evacuate,3479
legislator,3480
slammed,3481
tribunal,3482
"32,600",3483
71,3484
abused,3485
jail,3486
baraa,3487
odeh,3488
strip-searched,3489
physically,3490
assaulted,3491
state-funded,3492
abusive,3493
humiliating,3494
insider,3495
brussels,3496
belgium,3497
traditionally,3498
focus,3499
farm,3500
climate,3501
migration,3502
kibbutz,3503
dark,3504
heartening,3505
conquering,3506
terrain,3507
wee,3508
33,3509
ellen,3510
granberg,3511
on-campus,3512
expression,3513
officially,3514
"36,000",3515
less,3516
although,3517
doubt,3518
contractor,3519
eighth,3520
destructive,3521
modern,3522
thousands,3523
paraded,3524
antagonising,3525
saif,3526
kwasmi,3527
twist,3528
justifies,3529
tasked,3530
1967,3531
intentionally,3532
feeding,3533
disastrous,3534
israel-iran,3535
test,3536
limit,3537
averting,3538
brief,3539
stern,3540
contentious,3541
conscription,3542
religious,3543
inserting,3544
revive,3545
exemption,3546
rampage,3547
al-mughayyir,3548
700,3549
please,3550
unfolds,3551
core,3552
comparison,3553
76th,3554
anniversary,3555
expulsion,3556
calamity,3557
delivers,3558
morehouse,3559
historically,3560
martin,3561
luther,3562
king,3563
jr,3564
barghouti,3565
ian,3566
lustick,3567
dissect,3568
refusal,3569
slow,3570
learner,3571
awaiting,3572
bani,3573
suheila,3574
dispersal,3575
seems,3576
endorsed,3577
states-backed,3578
hersh,3579
goldberg-polin,3580
trigger,3581
23-year-old,3582
criticises,3583
undated,3584
three-minute,3585
clip,3586
israeli-american,3587
duration,3588
igniting,3589
housing,3590
bulldozed,3591
drainage,3592
true,3593
naivety,3594
believing,3595
endless,3596
naive,3597
equality,3598
forged,3599
unlikely,3600
friendship,3601
hate,3602
174,3603
two-thirds,3604
36,3605
non-functional,3606
kuwaiti,3607
trap,3608
indonesian,3609
collapsing,3610
strain,3611
intensified,3612
tal,3613
as-sultan,3614
besieges,3615
consensus,3616
emerging,3617
gunfire,3618
divided,3619
probe,3620
unifil,3621
issam,3622
abdallah,3623
firing,3624
120mm,3625
suspends,3626
deadline,3627
defied,3628
ultimatum,3629
burned,3630
pained,3631
frantic,3632
unspeakable,3633
pink,3634
pyjama,3635
settled,3636
bloodied,3637
specialty,3638
bewildered,3639
blink,3640
intergenerational,3641
youth,3642
establishment,3643
pronounced,3644
challenging,3645
el-sisi,3646
reappoints,3647
madbouly,3648
form,3649
tackle,3650
abdel,3651
fattah,3652
reappointed,3653
mostafa,3654
intercepted,3655
song,3656
eurovision,3657
contest,3658
pride,3659
nonpolitical,3660
inclusion,3661
music,3662
rio,3663
carnival,3664
quite,3665
singing,3666
extravaganza,3667
attracts,3668
viewer,3669
feature,3670
ballad,3671
punk,3672
rock,3673
metal,3674
folk,3675
dancing,3676
florida,3677
shaming,3678
newspaper,3679
arbitrary,3680
168,3681
precise,3682
witnessed,3683
countless,3684
though,3685
levelled,3686
unpublished,3687
"80,000",3688
worshipper,3689
york-based,3690
trespassing,3691
sri,3692
lanka,3693
turned,3694
2371,3695
massacring,3696
15-year-old,3697
confidential,3698
cable,3699
wikileaks,3700
plight,3701
lankan,3702
paramedic,3703
350,3704
jawdat,3705
al-muhtaseb,3706
fraught,3707
heightened,3708
ripple,3709
honest,3710
tool,3711
negotiating,3712
stressed,3713
peaceful,3714
non-violent,3715
norwegian,3716
espen,3717
barth,3718
eide,3719
formalise,3720
pulled,3721
restart,3722
nypd,3723
cuny,3724
renamed,3725
zip,3726
280,3727
administrative,3728
abstains,3729
sustainable,3730
mob,3731
videos,3732
ethnic,3733
cleansing,3734
invented,3735
serb,3736
genocidaires,3737
cover,3738
starting,3739
checking,3740
rest,3741
rely,3742
reliable,3743
information,3744
speaks,3745
mariam,3746
confrontation,3747
punch,3748
confronted,3749
separating,3750
breached,3751
infant,3752
newborn,3753
184,3754
indirect,3755
cia,3756
separate,3757
ostracising,3758
priority,3759
es-10/23,3760
relating,3761
seeming,3762
confusion,3763
talking,3764
conflating,3765
hurt,3766
addressed,3767
avoids,3768
refute,3769
instead,3770
answered,3771
explanation,3772
mujahed,3773
abadi,3774
letting,3775
sleep,3776
strapped,3777
stall,3778
dig,3779
sticking,3780
behind-the-scenes,3781
revived,3782
compromise,3783
raiding,3784
popular,3785
amr,3786
musara,3787
israeli-occupied,3788
evokes,3789
's,3790
kham,3791
thien,3792
hanoi,3793
private,3794
venue,3795
tucked,3796
alley,3797
listened,3798
attentively,3799
saleem,3800
hammad,3801
charismatic,3802
fluent,3803
vietnamese,3804
teach,3805
bravery,3806
generosity,3807
hopeful,3808
uttered,3809
hung,3810
balance,3811
eliminate,3812
earth,3813
502,3814
high,3815
multiple,3816
ordering,3817
subjected,3818
tens,3819
expand,3820
refuge,3821
qatar-brokered,3822
boys,3823
aged,3824
17,3825
handed,3826
russian,3827
deadliest,3828
unesco,3829
rat,3830
antiwar,3831
"150,000",3832
waving,3833
elijah,3834
kahlenberg,3835
pr,3836
doomed,3837
fail,3838
rejecting,3839
us/israeli,3840
intentional,3841
vagueness,3842
period,3843
calm,3844
obstacle,3845
michael,3846
hanna,3847
creator,3848
boycotting,3849
newsweek,3850
opinion,3851
batya,3852
ungar-sargon,3853
shutting,3854
assisting,3855
tightrope,3856
jordan,3857
soar,3858
contending,3859
hashemite,3860
dissolve,3861
centrist,3862
disappoint,3863
hardliner,3864
angling,3865
influence,3866
six-member,3867
confident,3868
reopening,3869
healing,3870
psychological,3871
schooling,3872
coupled,3873
sickness,3874
bereavement,3875
1.2,3876
worried,3877
staffer,3878
lily,3879
greenberg,3880
conscience,3881
represent,3882
tor,3883
wennesland,3884
coordinator,3885
inception,3886
palestinian-israeli,3887
centred,3888
self-determination,3889
cycle,3890
shrunk,3891
buffer,3892
wind,3893
boundary,3894
wide,3895
axis,3896
demolishing,3897
create,3898
dividing,3899
panacea,3900
symbolic,3901
grant,3902
sovereignty,3903
indicated,3904
shaping,3905
candidates,3906
fix,3907
britain,3908
woe,3909
lose,3910
"4,000",3911
175,3912
"32,623",3913
plausibly,3914
"33,000",3915
advocating,3916
adnan,3917
al-bursh,3918
orthopaedics,3919
prominent,3920
210,3921
bulldoze,3922
amsterdam,3923
formal,3924
incitement,3925
alongside,3926
belgian,3927
netherlands,3928
ghent,3929
101,3930
outline,3931
3-phase,3932
permanently,3933
thanks,3934
expressing,3935
gratitude,3936
iran-israel,3937
explosion,3938
steadily,3939
boiling,3940
activated,3941
object,3942
flight,3943
briefly,3944
alert,3945
lifted,3946
dragged,3947
hassan,3948
aided,3949
19,3950
helped,3951
lahia,3952
terrifying,3953
searching,3954
kamal,3955
adwan,3956
anti-gov,3957
ramming,3958
widely,3959
darkness,3960
dwindling,3961
electricity,3962
revoke,3963
dana,3964
abuqamar,3965
suspicion,3966
mischaracterised,3967
revoked,3968
participated,3969
hundreds,3970
marching,3971
shocking,3972
featuring,3973
vigilante,3974
violent,3975
manufacturer,3976
"31,923",3977
ambiguous,3978
eyeing,3979
prospective,3980
explicitly,3981
circulated,3982
anti-semitism,3983
posed,3984
plague,3985
realised,3986
terror,3987
endemic,3988
willing,3989
catholic,3990
couple,3991
supplier,3992
blaming,3993
threatened,3994
instructs,3995
polls,3996
suggest,3997
americans,3998
siding,3999
successive,4000
surveillance,4001
haifa,4002
surroundings,4003
status,4004
engage,4005
reliant,4006
personal,4007
televised,4008
intercepting,4009
squad,4010
congressman,4011
jamaal,4012
bowman,4013
aipac-backed,4014
latimer,4015
newest,4016
lapd,4017
standoff,4018
counter-protesters,4019
unanswered,4020
al-quds,4021
representatives,4022
commander-in-chief,4023
revolutionary,4024
corp,4025
alleges,4026
aware,4027
escalates,4028
bombarding,4029
deeper,4030
telling,4031
ulterior,4032
motive,4033
delusion,4034
absurd,4035
comforting,4036
provoke,4037
unrest,4038
mood,4039
islam,4040
occupying,4041
colonising,4042
algeria,4043
scholars,4044
algerian,4045
lot,4046
colonial,4047
1940s,4048
placard,4049
bloodbath,4050
overcrowded,4051
inflict,4052
unable,4053
cope,4054
loses,4055
foot,4056
reporters,4057
borders,4058
seriously,4059
summer,4060
lee,4061
race,4062
democrat,4063
sweeping,4064
143,4065
reflecting,4066
effectively,4067
comprising,4068
audacious,4069
outrageous,4070
deportation,4071
pledged,4072
athens,4073
us-led,4074
responding,4075
large-scale,4076
navy,4077
pull,4078
withdrawing,4079
scale,4080
disengagement,4081
irvine,4082
lecture,4083
stood,4084
rebuke,4085
outraged,4086
heartbroken,4087
164,4088
fourth,4089
injury,4090
unwavering,4091
staunchest,4092
backer,4093
eighty,4094
post-1948,4095
decimation,4096
amnesty,4097
established,4098
forth,4099
lifting,4100
freeze,4101
much-needed,4102
fierce,4103
absolute,4104
unhindered,4105
wealthy,4106
wrapped,4107
summit,4108
knelt,4109
shrapnel,4110
leg,4111
israel-bound,4112
range,4113
heading,4114
spokesperson,4115
yahya,4116
saree,4117
re-bombs,4118
tiny,4119
abound,4120
plummet,4121
forty,4122
enthusiastic,4123
plummeted,4124
yearlong,4125
provides,4126
goodbye,4127
mom,4128
160,4129
favourite,4130
september,4131
abroad,4132
europe,4133
sever,4134
boo,4135
performance,4136
booed,4137
spectator,4138
participation,4139
waging,4140
greta,4141
thunberg,4142
155,4143
tough,4144
onus,4145
spain-israel,4146
throw,4147
whose,4148
counterpart,4149
alone,4150
apparent,4151
left-wing,4152
70,4153
survey,4154
indicates,4155
adopt,4156
firmer,4157
weaponised,4158
mainstream,4159
elite,4160
demonising,4161
novel,4162
experiment,4163
physic,4164
unstoppable,4165
youth-led,4166
immovable,4167
un-backed,4168
coi,4169
guilty,4170
anti-israeli,4171
discrimination,4172
vicious,4173
learned,4174
captured,4175
aleppo,4176
israel-lebanon,4177
monitor,4178
authorities,4179
flour,4180
fatmeh,4181
lean,4182
walking,4183
stick,4184
graveyard,4185
tack,4186
applause,4187
type,4188
shell,4189
rooftop,4190
gilad,4191
erdan,4192
denouncing,4193
forget,4194
survive,4195
sight,4196
hometown,4197
presumably,4198
lottery,4199
trail,4200
pilgrimage,4201
hajj,4202
barred,4203
usual,4204
absent,4205
celebrate,4206
birthed,4207
religion,4208
occasion,4209
graduate,4210
complaint,4211
paint,4212
doused,4213
surprise,4214
prevail,4215
